{
  "primarytemporalquery": 0,
  "bitemporalsimilarityquery": {
    "keywordquery": {
      "formerquery": {
        "synsetgroups": [
          {
            "synsets": [
              {
                "text": "GoogLeNet",
                "synsetid": 0
              },
              {
                "text": "GoogLeNet",
                "synsetid": 1136
              },
              {
                "text": "GoogLeNet",
                "synsetid": 1137
              },
              {
                "text": "GoogLeNet",
                "synsetid": 1160
              },
              {
                "text": "GoogLeNet",
                "synsetid": 1196
              },
              {
                "text": "GoogLeNet",
                "synsetid": 1138
              },
              {
                "text": "GoogLeNet",
                "synsetid": 1139
              },
              {
                "text": "GoogLeNet",
                "synsetid": 1147
              },
              {
                "text": "GoogLeNet",
                "synsetid": 1149
              },
              {
                "text": "GoogLeNet",
                "synsetid": 1159
              },
              {
                "text": "GoogLeNet",
                "synsetid": 1183
              },
              {
                "text": "GoogLeNet",
                "synsetid": 1186
              },
              {
                "text": "GoogLeNet",
                "synsetid": 1172
              },
              {
                "text": "GoogLeNet",
                "synsetid": 1188
              },
              {
                "text": "GoogLeNet",
                "synsetid": 1140
              },
              {
                "text": "GoogLeNet",
                "synsetid": 1141
              },
              {
                "text": "GoogLeNet",
                "synsetid": 1142
              },
              {
                "text": "GoogLeNet",
                "synsetid": 1145
              },
              {
                "text": "GoogLeNet",
                "synsetid": 1148
              },
              {
                "text": "GoogLeNet",
                "synsetid": 1157
              },
              {
                "text": "GoogLeNet",
                "synsetid": 1168
              },
              {
                "text": "GoogLeNet",
                "synsetid": 1185
              },
              {
                "text": "GoogLeNet",
                "synsetid": 1143
              },
              {
                "text": "GoogLeNet",
                "synsetid": 1178
              },
              {
                "text": "GoogLeNet",
                "synsetid": 1187
              },
              {
                "text": "GoogLeNet",
                "synsetid": 1144
              },
              {
                "text": "GoogLeNet",
                "synsetid": 1173
              },
              {
                "text": "GoogLeNet",
                "synsetid": 1193
              },
              {
                "text": "GoogLeNet",
                "synsetid": 1150
              },
              {
                "text": "GoogLeNet",
                "synsetid": 1166
              },
              {
                "text": "GoogLeNet",
                "synsetid": 1151
              },
              {
                "text": "GoogLeNet",
                "synsetid": 1190
              },
              {
                "text": "GoogLeNet",
                "synsetid": 1175
              },
              {
                "text": "GoogLeNet",
                "synsetid": 1177
              },
              {
                "text": "GoogLeNet",
                "synsetid": 1191
              },
              {
                "text": "GoogLeNet",
                "synsetid": 1152
              },
              {
                "text": "GoogLeNet",
                "synsetid": 1180
              },
              {
                "text": "GoogLeNet",
                "synsetid": 1153
              },
              {
                "text": "GoogLeNet",
                "synsetid": 1164
              },
              {
                "text": "GoogLeNet",
                "synsetid": 1165
              },
              {
                "text": "GoogLeNet",
                "synsetid": 1154
              },
              {
                "text": "GoogLeNet",
                "synsetid": 1155
              },
              {
                "text": "GoogLeNet",
                "synsetid": 1174
              },
              {
                "text": "GoogLeNet",
                "synsetid": 1167
              },
              {
                "text": "GoogLeNet",
                "synsetid": 1184
              },
              {
                "text": "GoogLeNet",
                "synsetid": 1195
              },
              {
                "text": "GoogLeNet",
                "synsetid": 1170
              },
              {
                "text": "GoogLeNet",
                "synsetid": 1181
              },
              {
                "text": "GoogLeNet",
                "synsetid": 1156
              },
              {
                "text": "GoogLeNet",
                "synsetid": 1158
              },
              {
                "text": "GoogLeNet",
                "synsetid": 1161
              },
              {
                "text": "GoogLeNet",
                "synsetid": 1171
              },
              {
                "text": "GoogLeNet",
                "synsetid": 1194
              },
              {
                "text": "GoogLeNet",
                "synsetid": 1162
              },
              {
                "text": "GoogLeNet",
                "synsetid": 1163
              },
              {
                "text": "GoogLeNet",
                "synsetid": 1169
              },
              {
                "text": "GoogLeNet",
                "synsetid": 1176
              },
              {
                "text": "GoogLeNet",
                "synsetid": 1179
              },
              {
                "text": "GoogLeNet",
                "synsetid": 1182
              },
              {
                "text": "GoogLeNet",
                "synsetid": 1189
              },
              {
                "text": "GoogLeNet",
                "synsetid": 1192
              }
            ]
          }
        ]
      },
      "latterquery": {
        "synsetgroups": []
      }
    },
    "colorsketchquery": {
      "formerquery": {
        "canvaswidth": 216,
        "canvasheight": 384,
        "colorsketchellipses": [
          {
            "ellipsestate": 0,
            "positionx": 0.82282282282282271,
            "positiony": 0.62761428094761418,
            "horizontalaxis": 0.10416666666666667,
            "verticalaxis": 0.18518518518518517,
            "rotation": 0,
            "colorr": 255,
            "colorg": 0,
            "colorb": 0
          },
          {
            "ellipsestate": 0,
            "positionx": 0.918918918918919,
            "positiony": 0.14713380046713376,
            "horizontalaxis": 0.10416666666666667,
            "verticalaxis": 0.18518518518518517,
            "rotation": 0,
            "colorr": 255,
            "colorg": 173,
            "colorb": 51
          }
        ]
      },
      "latterquery": {
        "canvaswidth": 216,
        "canvasheight": 384,
        "colorsketchellipses": []
      }
    },
    "facesketchquery": {
      "formerquery": {
        "canvaswidth": 216,
        "canvasheight": 384,
        "colorsketchellipses": []
      },
      "latterquery": {
        "canvaswidth": 216,
        "canvasheight": 384,
        "colorsketchellipses": []
      }
    },
    "textsketchquery": {
      "formerquery": {
        "canvaswidth": 216,
        "canvasheight": 384,
        "colorsketchellipses": []
      },
      "latterquery": {
        "canvaswidth": 216,
        "canvasheight": 384,
        "colorsketchellipses": []
      }
    },
    "semanticexamplequery": {
      "formerquery": {
        "positiveexampleids": [],
        "negativeexampleids": [],
        "externalimages": []
      },
      "latterquery": {
        "positiveexampleids": [],
        "negativeexampleids": [],
        "externalimages": []
      }
    }
  },
  "formerfusionquery": {
    "sortingsimilaritymodel": 0,
    "keywordfilteringquery": {
      "filterstate": 0,
      "threshold": 0.52790745035389985
    },
    "colorsketchfilteringquery": {
      "filterstate": 0,
      "threshold": 0.22639192874171948
    },
    "facesketchfilteringquery": {
      "filterstate": 2,
      "threshold": 0.22639192874171948
    },
    "textsketchfilteringquery": {
      "filterstate": 2,
      "threshold": 0.22639192874171948
    },
    "semanticexamplefilteringquery": {
      "filterstate": 2,
      "threshold": 0.3
    }
  },
  "latterfusionquery": {
    "sortingsimilaritymodel": 5,
    "keywordfilteringquery": {
      "filterstate": 0,
      "threshold": 0.5
    },
    "colorsketchfilteringquery": {
      "filterstate": 0,
      "threshold": 0.1
    },
    "facesketchfilteringquery": {
      "filterstate": 2,
      "threshold": 0.1
    },
    "textsketchfilteringquery": {
      "filterstate": 2,
      "threshold": 0.1
    },
    "semanticexamplefilteringquery": {
      "filterstate": 2,
      "threshold": 0.3
    }
  },
  "formerfilteringquery": {
    "colorsaturationquery": {
      "filterstate": 2,
      "threshold": 0.9
    },
    "countfilteringquery": {
      "filterstate": 0,
      "maxpervideo": 3,
      "maxpershot": 1,
      "maxpergroup": -1
    },
    "lifelogfilteringquery": {
      "daysofweek": [],
      "timefrom": "00:00:00",
      "timeto": "00:00:00",
      "heartratelow": 0,
      "heartratehigh": 0,
      "isgpsdefinedbystring": false,
      "isgpsdefinedbycoordinates": false
    },
    "percentofblackquery": {
      "filterstate": 2,
      "threshold": 0.65
    }
  },
  "latterfilteringquery": {
    "colorsaturationquery": {
      "filterstate": 2,
      "threshold": 0.9
    },
    "countfilteringquery": {
      "filterstate": 0,
      "maxpervideo": 3,
      "maxpershot": 1,
      "maxpergroup": -1
    },
    "lifelogfilteringquery": {
      "daysofweek": [],
      "timefrom": "00:00:00",
      "timeto": "00:00:00",
      "heartratelow": 0,
      "heartratehigh": 0,
      "isgpsdefinedbystring": false,
      "isgpsdefinedbycoordinates": false
    },
    "percentofblackquery": {
      "filterstate": 2,
      "threshold": 0.65
    }
  }
}