{
  "primarytemporalquery": 0,
  "bitemporalsimilarityquery": {
    "keywordquery": {
      "formerquery": {
        "synsetgroups": [
          {
            "synsets": [
              {
                "text": "GoogLeNet",
                "synsetid": 349
              }
            ]
          }
        ]
      },
      "latterquery": {
        "synsetgroups": []
      }
    },
    "colorsketchquery": {
      "formerquery": {
        "canvaswidth": 216,
        "canvasheight": 384,
        "colorsketchellipses": [
          {
            "ellipsestate": 0,
            "positionx": 0.06006006006006006,
            "positiony": 0.51571571571571562,
            "horizontalaxis": 0.10416666666666667,
            "verticalaxis": 0.18518518518518517,
            "rotation": 0,
            "colorr": 51,
            "colorg": 51,
            "colorb": 51
          }
        ]
      },
      "latterquery": {
        "canvaswidth": 216,
        "canvasheight": 384,
        "colorsketchellipses": []
      }
    },
    "facesketchquery": {
      "formerquery": {
        "canvaswidth": 216,
        "canvasheight": 384,
        "colorsketchellipses": []
      },
      "latterquery": {
        "canvaswidth": 216,
        "canvasheight": 384,
        "colorsketchellipses": []
      }
    },
    "textsketchquery": {
      "formerquery": {
        "canvaswidth": 216,
        "canvasheight": 384,
        "colorsketchellipses": []
      },
      "latterquery": {
        "canvaswidth": 216,
        "canvasheight": 384,
        "colorsketchellipses": []
      }
    },
    "semanticexamplequery": {
      "formerquery": {
        "positiveexampleids": [],
        "negativeexampleids": [],
        "externalimages": []
      },
      "latterquery": {
        "positiveexampleids": [],
        "negativeexampleids": [],
        "externalimages": []
      }
    }
  },
  "formerfusionquery": {
    "sortingsimilaritymodel": 0,
    "keywordfilteringquery": {
      "filterstate": 0,
      "threshold": 0.52790745035389985
    },
    "colorsketchfilteringquery": {
      "filterstate": 0,
      "threshold": 0.22639192874171948
    },
    "facesketchfilteringquery": {
      "filterstate": 2,
      "threshold": 0.22639192874171948
    },
    "textsketchfilteringquery": {
      "filterstate": 2,
      "threshold": 0.22639192874171948
    },
    "semanticexamplefilteringquery": {
      "filterstate": 2,
      "threshold": 0.3
    }
  },
  "latterfusionquery": {
    "sortingsimilaritymodel": 5,
    "keywordfilteringquery": {
      "filterstate": 0,
      "threshold": 0.5
    },
    "colorsketchfilteringquery": {
      "filterstate": 0,
      "threshold": 0.1
    },
    "facesketchfilteringquery": {
      "filterstate": 2,
      "threshold": 0.1
    },
    "textsketchfilteringquery": {
      "filterstate": 2,
      "threshold": 0.1
    },
    "semanticexamplefilteringquery": {
      "filterstate": 2,
      "threshold": 0.3
    }
  },
  "formerfilteringquery": {
    "colorsaturationquery": {
      "filterstate": 2,
      "threshold": 0.9
    },
    "countfilteringquery": {
      "filterstate": 0,
      "maxpervideo": 3,
      "maxpershot": 1,
      "maxpergroup": -1
    },
    "lifelogfilteringquery": {
      "daysofweek": [],
      "timefrom": "00:00:00",
      "timeto": "00:00:00",
      "heartratelow": 0,
      "heartratehigh": 0,
      "isgpsdefinedbystring": false,
      "isgpsdefinedbycoordinates": false
    },
    "percentofblackquery": {
      "filterstate": 2,
      "threshold": 0.65
    }
  },
  "latterfilteringquery": {
    "colorsaturationquery": {
      "filterstate": 2,
      "threshold": 0.9
    },
    "countfilteringquery": {
      "filterstate": 0,
      "maxpervideo": 3,
      "maxpershot": 1,
      "maxpergroup": -1
    },
    "lifelogfilteringquery": {
      "daysofweek": [],
      "timefrom": "00:00:00",
      "timeto": "00:00:00",
      "heartratelow": 0,
      "heartratehigh": 0,
      "isgpsdefinedbystring": false,
      "isgpsdefinedbycoordinates": false
    },
    "percentofblackquery": {
      "filterstate": 2,
      "threshold": 0.65
    }
  }
}