{
  "primarytemporalquery": 0,
  "bitemporalsimilarityquery": {
    "keywordquery": {
      "formerquery": {
        "synsetgroups": []
      },
      "latterquery": {
        "synsetgroups": []
      }
    },
    "colorsketchquery": {
      "formerquery": {
        "canvaswidth": 216,
        "canvasheight": 384,
        "colorsketchellipses": []
      },
      "latterquery": {
        "canvaswidth": 216,
        "canvasheight": 384,
        "colorsketchellipses": []
      }
    },
    "facesketchquery": {
      "formerquery": {
        "canvaswidth": 216,
        "canvasheight": 384,
        "colorsketchellipses": [
          {
            "ellipsestate": 1,
            "positionx": 0.25225225225225228,
            "positiony": 0.37135802469135792,
            "horizontalaxis": 0.10416666666666667,
            "verticalaxis": 0.18518518518518517,
            "rotation": 0,
            "colorr": 112,
            "colorg": 128,
            "colorb": 144
          },
          {
            "ellipsestate": 0,
            "positionx": 0.72972972972972983,
            "positiony": 0.5955822489155822,
            "horizontalaxis": 0.21321321321321332,
            "verticalaxis": 0.3470136803470138,
            "rotation": 0,
            "colorr": 0,
            "colorg": 0,
            "colorb": 0
          }
        ]
      },
      "latterquery": {
        "canvaswidth": 216,
        "canvasheight": 384,
        "colorsketchellipses": []
      }
    },
    "textsketchquery": {
      "formerquery": {
        "canvaswidth": 216,
        "canvasheight": 384,
        "colorsketchellipses": []
      },
      "latterquery": {
        "canvaswidth": 216,
        "canvasheight": 384,
        "colorsketchellipses": []
      }
    },
    "semanticexamplequery": {
      "formerquery": {
        "positiveexampleids": [],
        "negativeexampleids": [],
        "externalimages": []
      },
      "latterquery": {
        "positiveexampleids": [],
        "negativeexampleids": [],
        "externalimages": []
      }
    }
  },
  "formerfusionquery": {
    "sortingsimilaritymodel": 1,
    "keywordfilteringquery": {
      "filterstate": 2,
      "threshold": 0.52790745035389985
    },
    "colorsketchfilteringquery": {
      "filterstate": 2,
      "threshold": 0.22639192874171948
    },
    "facesketchfilteringquery": {
      "filterstate": 0,
      "threshold": 0.22639192874171948
    },
    "textsketchfilteringquery": {
      "filterstate": 2,
      "threshold": 0.22639192874171948
    },
    "semanticexamplefilteringquery": {
      "filterstate": 2,
      "threshold": 0.3
    }
  },
  "latterfusionquery": {
    "sortingsimilaritymodel": 5,
    "keywordfilteringquery": {
      "filterstate": 2,
      "threshold": 0.5
    },
    "colorsketchfilteringquery": {
      "filterstate": 2,
      "threshold": 0.1
    },
    "facesketchfilteringquery": {
      "filterstate": 0,
      "threshold": 0.1
    },
    "textsketchfilteringquery": {
      "filterstate": 2,
      "threshold": 0.1
    },
    "semanticexamplefilteringquery": {
      "filterstate": 2,
      "threshold": 0.3
    }
  },
  "formerfilteringquery": {
    "colorsaturationquery": {
      "filterstate": 2,
      "threshold": 0.9
    },
    "countfilteringquery": {
      "filterstate": 0,
      "maxpervideo": 3,
      "maxpershot": 1,
      "maxpergroup": -1
    },
    "lifelogfilteringquery": {
      "daysofweek": [],
      "timefrom": "00:00:00",
      "timeto": "00:00:00",
      "heartratelow": 0,
      "heartratehigh": 0,
      "isgpsdefinedbystring": false,
      "isgpsdefinedbycoordinates": false
    },
    "percentofblackquery": {
      "filterstate": 2,
      "threshold": 0.65
    }
  },
  "latterfilteringquery": {
    "colorsaturationquery": {
      "filterstate": 2,
      "threshold": 0.9
    },
    "countfilteringquery": {
      "filterstate": 0,
      "maxpervideo": 3,
      "maxpershot": 1,
      "maxpergroup": -1
    },
    "lifelogfilteringquery": {
      "daysofweek": [],
      "timefrom": "00:00:00",
      "timeto": "00:00:00",
      "heartratelow": 0,
      "heartratehigh": 0,
      "isgpsdefinedbystring": false,
      "isgpsdefinedbycoordinates": false
    },
    "percentofblackquery": {
      "filterstate": 2,
      "threshold": 0.65
    }
  }
}