{
  "primarytemporalquery": 0,
  "bitemporalsimilarityquery": {
    "keywordquery": {
      "formerquery": {
        "synsetgroups": [
          {
            "synsets": [
              {
                "text": "GoogLeNet",
                "synsetid": 119
              },
              {
                "text": "GoogLeNet",
                "synsetid": 35
              },
              {
                "text": "GoogLeNet",
                "synsetid": 120
              },
              {
                "text": "GoogLeNet",
                "synsetid": 121
              },
              {
                "text": "GoogLeNet",
                "synsetid": 122
              },
              {
                "text": "GoogLeNet",
                "synsetid": 123
              },
              {
                "text": "GoogLeNet",
                "synsetid": 124
              },
              {
                "text": "GoogLeNet",
                "synsetid": 125
              },
              {
                "text": "GoogLeNet",
                "synsetid": 126
              },
              {
                "text": "GoogLeNet",
                "synsetid": 127
              },
              {
                "text": "GoogLeNet",
                "synsetid": 128
              },
              {
                "text": "GoogLeNet",
                "synsetid": 129
              },
              {
                "text": "GoogLeNet",
                "synsetid": 130
              },
              {
                "text": "GoogLeNet",
                "synsetid": 131
              },
              {
                "text": "GoogLeNet",
                "synsetid": 132
              }
            ]
          }
        ]
      },
      "latterquery": {
        "synsetgroups": []
      }
    },
    "colorsketchquery": {
      "formerquery": {
        "canvaswidth": 216,
        "canvasheight": 384,
        "colorsketchellipses": []
      },
      "latterquery": {
        "canvaswidth": 216,
        "canvasheight": 384,
        "colorsketchellipses": []
      }
    },
    "facesketchquery": {
      "formerquery": {
        "canvaswidth": 216,
        "canvasheight": 384,
        "colorsketchellipses": []
      },
      "latterquery": {
        "canvaswidth": 216,
        "canvasheight": 384,
        "colorsketchellipses": []
      }
    },
    "textsketchquery": {
      "formerquery": {
        "canvaswidth": 216,
        "canvasheight": 384,
        "colorsketchellipses": []
      },
      "latterquery": {
        "canvaswidth": 216,
        "canvasheight": 384,
        "colorsketchellipses": []
      }
    },
    "semanticexamplequery": {
      "formerquery": {
        "positiveexampleids": [
          58044
        ],
        "negativeexampleids": [],
        "externalimages": []
      },
      "latterquery": {
        "positiveexampleids": [],
        "negativeexampleids": [],
        "externalimages": []
      }
    }
  },
  "formerfusionquery": {
    "sortingsimilaritymodel": 4,
    "keywordfilteringquery": {
      "filterstate": 0,
      "threshold": 0.52790745035389985
    },
    "colorsketchfilteringquery": {
      "filterstate": 2,
      "threshold": 0.22639192874171948
    },
    "facesketchfilteringquery": {
      "filterstate": 2,
      "threshold": 0.22639192874171948
    },
    "textsketchfilteringquery": {
      "filterstate": 2,
      "threshold": 0.22639192874171948
    },
    "semanticexamplefilteringquery": {
      "filterstate": 0,
      "threshold": 0.34963980904338871
    }
  },
  "latterfusionquery": {
    "sortingsimilaritymodel": 5,
    "keywordfilteringquery": {
      "filterstate": 0,
      "threshold": 0.5
    },
    "colorsketchfilteringquery": {
      "filterstate": 2,
      "threshold": 0.1
    },
    "facesketchfilteringquery": {
      "filterstate": 2,
      "threshold": 0.1
    },
    "textsketchfilteringquery": {
      "filterstate": 2,
      "threshold": 0.1
    },
    "semanticexamplefilteringquery": {
      "filterstate": 0,
      "threshold": 0.3
    }
  },
  "formerfilteringquery": {
    "colorsaturationquery": {
      "filterstate": 2,
      "threshold": 0.9
    },
    "countfilteringquery": {
      "filterstate": 0,
      "maxpervideo": 3,
      "maxpershot": 1,
      "maxpergroup": -1
    },
    "lifelogfilteringquery": {
      "daysofweek": [],
      "timefrom": "00:00:00",
      "timeto": "00:00:00",
      "heartratelow": 0,
      "heartratehigh": 0,
      "isgpsdefinedbystring": false,
      "isgpsdefinedbycoordinates": false
    },
    "percentofblackquery": {
      "filterstate": 2,
      "threshold": 0.65
    }
  },
  "latterfilteringquery": {
    "colorsaturationquery": {
      "filterstate": 2,
      "threshold": 0.9
    },
    "countfilteringquery": {
      "filterstate": 0,
      "maxpervideo": 3,
      "maxpershot": 1,
      "maxpergroup": -1
    },
    "lifelogfilteringquery": {
      "daysofweek": [],
      "timefrom": "00:00:00",
      "timeto": "00:00:00",
      "heartratelow": 0,
      "heartratehigh": 0,
      "isgpsdefinedbystring": false,
      "isgpsdefinedbycoordinates": false
    },
    "percentofblackquery": {
      "filterstate": 2,
      "threshold": 0.65
    }
  }
}