{
  "primarytemporalquery": 0,
  "bitemporalsimilarityquery": {
    "keywordquery": {
      "formerquery": {
        "synsetgroups": [
          {
            "synsets": [
              {
                "text": "GoogLeNet",
                "synsetid": 916
              },
              {
                "text": "GoogLeNet",
                "synsetid": 922
              },
              {
                "text": "GoogLeNet",
                "synsetid": 1007
              },
              {
                "text": "GoogLeNet",
                "synsetid": 1016
              },
              {
                "text": "GoogLeNet",
                "synsetid": 1018
              },
              {
                "text": "GoogLeNet",
                "synsetid": 1019
              },
              {
                "text": "GoogLeNet",
                "synsetid": 1020
              },
              {
                "text": "GoogLeNet",
                "synsetid": 1014
              },
              {
                "text": "GoogLeNet",
                "synsetid": 1015
              },
              {
                "text": "GoogLeNet",
                "synsetid": 1017
              },
              {
                "text": "GoogLeNet",
                "synsetid": 1031
              },
              {
                "text": "GoogLeNet",
                "synsetid": 1032
              },
              {
                "text": "GoogLeNet",
                "synsetid": 1072
              },
              {
                "text": "GoogLeNet",
                "synsetid": 940
              },
              {
                "text": "GoogLeNet",
                "synsetid": 941
              },
              {
                "text": "GoogLeNet",
                "synsetid": 942
              },
              {
                "text": "GoogLeNet",
                "synsetid": 943
              },
              {
                "text": "GoogLeNet",
                "synsetid": 944
              },
              {
                "text": "GoogLeNet",
                "synsetid": 945
              },
              {
                "text": "GoogLeNet",
                "synsetid": 1048
              },
              {
                "text": "GoogLeNet",
                "synsetid": 950
              },
              {
                "text": "GoogLeNet",
                "synsetid": 951
              },
              {
                "text": "GoogLeNet",
                "synsetid": 1012
              },
              {
                "text": "GoogLeNet",
                "synsetid": 970
              },
              {
                "text": "GoogLeNet",
                "synsetid": 971
              },
              {
                "text": "GoogLeNet",
                "synsetid": 1010
              },
              {
                "text": "GoogLeNet",
                "synsetid": 1011
              },
              {
                "text": "GoogLeNet",
                "synsetid": 1021
              },
              {
                "text": "GoogLeNet",
                "synsetid": 1027
              },
              {
                "text": "GoogLeNet",
                "synsetid": 1028
              },
              {
                "text": "GoogLeNet",
                "synsetid": 1029
              },
              {
                "text": "GoogLeNet",
                "synsetid": 1030
              },
              {
                "text": "GoogLeNet",
                "synsetid": 1033
              },
              {
                "text": "GoogLeNet",
                "synsetid": 1065
              }
            ]
          }
        ]
      },
      "latterquery": {
        "synsetgroups": []
      }
    },
    "colorsketchquery": {
      "formerquery": {
        "canvaswidth": 216,
        "canvasheight": 384,
        "colorsketchellipses": []
      },
      "latterquery": {
        "canvaswidth": 216,
        "canvasheight": 384,
        "colorsketchellipses": []
      }
    },
    "facesketchquery": {
      "formerquery": {
        "canvaswidth": 216,
        "canvasheight": 384,
        "colorsketchellipses": []
      },
      "latterquery": {
        "canvaswidth": 216,
        "canvasheight": 384,
        "colorsketchellipses": []
      }
    },
    "textsketchquery": {
      "formerquery": {
        "canvaswidth": 216,
        "canvasheight": 384,
        "colorsketchellipses": []
      },
      "latterquery": {
        "canvaswidth": 216,
        "canvasheight": 384,
        "colorsketchellipses": []
      }
    },
    "semanticexamplequery": {
      "formerquery": {
        "positiveexampleids": [],
        "negativeexampleids": [],
        "externalimages": []
      },
      "latterquery": {
        "positiveexampleids": [],
        "negativeexampleids": [],
        "externalimages": []
      }
    }
  },
  "formerfusionquery": {
    "sortingsimilaritymodel": 0,
    "keywordfilteringquery": {
      "filterstate": 0,
      "threshold": 0.5
    },
    "colorsketchfilteringquery": {
      "filterstate": 2,
      "threshold": 0.1
    },
    "facesketchfilteringquery": {
      "filterstate": 2,
      "threshold": 0.1
    },
    "textsketchfilteringquery": {
      "filterstate": 2,
      "threshold": 0.1
    },
    "semanticexamplefilteringquery": {
      "filterstate": 2,
      "threshold": 0.3
    }
  },
  "latterfusionquery": {
    "sortingsimilaritymodel": 5,
    "keywordfilteringquery": {
      "filterstate": 0,
      "threshold": 0.5
    },
    "colorsketchfilteringquery": {
      "filterstate": 2,
      "threshold": 0.1
    },
    "facesketchfilteringquery": {
      "filterstate": 2,
      "threshold": 0.1
    },
    "textsketchfilteringquery": {
      "filterstate": 2,
      "threshold": 0.1
    },
    "semanticexamplefilteringquery": {
      "filterstate": 2,
      "threshold": 0.3
    }
  },
  "formerfilteringquery": {
    "colorsaturationquery": {
      "filterstate": 2,
      "threshold": 0.9
    },
    "countfilteringquery": {
      "filterstate": 0,
      "maxpervideo": 3,
      "maxpershot": 1,
      "maxpergroup": -1
    },
    "lifelogfilteringquery": {
      "daysofweek": [],
      "timefrom": "00:00:00",
      "timeto": "00:00:00",
      "heartratelow": 0,
      "heartratehigh": 0,
      "isgpsdefinedbystring": false,
      "isgpsdefinedbycoordinates": false
    },
    "percentofblackquery": {
      "filterstate": 2,
      "threshold": 0.65
    }
  },
  "latterfilteringquery": {
    "colorsaturationquery": {
      "filterstate": 2,
      "threshold": 0.9
    },
    "countfilteringquery": {
      "filterstate": 0,
      "maxpervideo": 3,
      "maxpershot": 1,
      "maxpergroup": -1
    },
    "lifelogfilteringquery": {
      "daysofweek": [],
      "timefrom": "00:00:00",
      "timeto": "00:00:00",
      "heartratelow": 0,
      "heartratehigh": 0,
      "isgpsdefinedbystring": false,
      "isgpsdefinedbycoordinates": false
    },
    "percentofblackquery": {
      "filterstate": 2,
      "threshold": 0.65
    }
  }
}