"TimeStamp";"TaskName";"TaskNameShort";"TopVideoPosition";"TopShotPosition";"TopVideoPositionBeforeFilter";"TopShotPositionBeforeFilter";"KW_1_Count";"KW_1_Words";"KW_1_IDS";"KW_2_Count";"KW_2_Words";"KW_2_IDS";"Color_1";"Color_2";"Face_1";"Face_2";"Text_1";"Text_2";"Semantic_1";"Semantic_2";"SortedBy";"ModelsChanged";"TaskStart";"TaskEnd";"FirstSuccessfulSubmission";"IsAfterSuccessfulSubmission";"QueryFileCreated";"QueryFileModified";"QueryFileModifiedDiff"
1546952871799;Textual2019-18;T1;49;49;175;175;1;parachute;643;0;;;0;0;0;0;0;0;off;off;Keyword;KW_1;1546952853038;1546953333051;1546953142909;FALSE;1546952871857;1546952871858;0.0009336
1546953085773;Textual2019-18;T1;1;1;1;1;1;parachute;643;0;;;0;0;0;0;0;0;on;off;Semantic;Semantic_1;1546952853038;1546953333051;1546953142909;FALSE;1546953085839;1546953085840;0.0009766
1546954542095;Visual2019-10;V1;14425;-1;111968;112093;0;;;0;;;0;0;0;0;0;0;off;off;None;;1546954554681;1546954726644;1546954618567;FALSE;1546954542123;1546954542127;0.0038654
1546954558736;Visual2019-10;V1;16;-1;20;115;1;dog;119+35+120+121+122+123+124+125+126+127+128+129+130+131+132;0;;;0;0;0;0;0;0;off;off;Keyword;KW_1;1546954554681;1546954726644;1546954618567;FALSE;1546954558802;1546954558802;0
1546954570640;Visual2019-10;V1;62;62;95;95;1;dog;119+35+120+121+122+123+124+125+126+127+128+129+130+131+132;0;;;0;0;0;0;0;0;on;off;Semantic;Semantic_1;1546954554681;1546954726644;1546954618567;FALSE;1546954570641;1546954570747;0.1064204
1546954578754;Visual2019-10;V1;62;62;95;95;1;dog;119+35+120+121+122+123+124+125+126+127+128+129+130+131+132;1;person;0+1136+1137+1160+1196+1138+1139+1147+1149+1159+1183+1186+1172+1188+1140+1141+1142+1145+1148+1157+1168+1185+1143+1178+1187+1144+1173+1193+1150+1166+1151+1190+1175+1177+1191+1152+1180+1153+1164+1165+1154+1155+1174+1167+1184+1195+1170+1181+1156+1158+1161+1171+1194+1162+1163+1169+1176+1179+1182+1189+1192;0;0;0;0;0;0;on;off;Semantic;KW_2;1546954554681;1546954726644;1546954618567;FALSE;1546954578814;1546954578815;0.0009758
1546955784843;Textual2019-20;T2;NA;NA;NA;NA;0;;;0;;;0;0;0;0;0;0;off;off;None;KW_1;1546955787887;1546956267900;NA;NA;1546955784879;1546955784880;0.0009766
1546955793682;Textual2019-20;T2;5;5;1;1;1;piano;650;0;;;0;0;0;0;0;0;off;off;Keyword;KW_1;1546955787887;1546956267900;NA;NA;1546955793733;1546955793734;0.0009387
1546955801569;Textual2019-20;T2;2886;7967;5242;22109;1;piano;650;1;computer;392+430+664+571+816+906;0;0;0;0;0;0;off;off;Keyword;KW_2;1546955787887;1546956267900;NA;NA;1546955801626;1546955801626;0
1546956327949;Visual2019-13;V2;6214;-1;55000;55072;0;;;0;;;0;0;1;0;0;0;off;off;ColorSketch;Face_1;1546956324973;1546956624987;1546956546599;FALSE;;;
1546956330399;Visual2019-13;V2;2361;-1;3885;-1;0;;;0;;;0;0;1;0;0;0;off;off;ColorSketch;Face_1;1546956324973;1546956624987;1546956546599;FALSE;;;
1546956333675;Visual2019-13;V2;1177;-1;3219;-1;0;;;0;;;0;0;2;0;0;0;off;off;ColorSketch;Face_1;1546956324973;1546956624987;1546956546599;FALSE;;;
1546956336275;Visual2019-13;V2;213;-1;238;-1;1;woman;1196;0;;;0;0;2;0;0;0;off;off;Keyword;KW_1;1546956324973;1546956624987;1546956546599;FALSE;1546956336326;1546956336327;0.000977
1546956346660;Visual2019-13;V2;-1;-1;-1;-1;1;woman;1196;0;;;0;1;2;0;0;0;off;off;Keyword;Color_2;1546956324973;1546956624987;1546956546599;FALSE;1546956346728;1546956346728;0
1546956354248;Visual2019-13;V2;-1;-1;-1;-1;1;woman;1196;0;;;0;1;2;0;0;0;off;off;Keyword;Color_2;1546956324973;1546956624987;1546956546599;FALSE;;;
1546956356384;Visual2019-13;V2;213;-1;238;-1;1;woman;1196;0;;;0;0;2;0;0;0;off;off;Keyword;Color_2;1546956324973;1546956624987;1546956546599;FALSE;1546956356437;1546956356439;0.0019541
1546956385173;Visual2019-13;V2;180;180;364;364;1;woman;1196;0;;;0;0;2;0;0;0;off;off;ColorSketch;Face_1;1546956324973;1546956624987;1546956546599;FALSE;;;
1546956409915;Visual2019-13;V2;-1;-1;-1;-1;1;woman;1196;0;;;1;0;2;0;0;0;off;off;Keyword;Color_1;1546956324973;1546956624987;1546956546599;FALSE;;;
1546956418445;Visual2019-13;V2;-1;-1;-1;-1;1;woman;1196;0;;;1;0;2;0;0;0;off;off;ColorSketch;Color_1;1546956324973;1546956624987;1546956546599;FALSE;;;
1546956427511;Visual2019-13;V2;-1;-1;-1;-1;1;woman;1196;0;;;2;0;2;0;0;0;off;off;ColorSketch;Color_1;1546956324973;1546956624987;1546956546599;FALSE;;;
1546956428738;Visual2019-13;V2;-1;-1;-1;-1;1;woman;1196;0;;;2;0;2;0;0;0;off;off;ColorSketch;Color_1;1546956324973;1546956624987;1546956546599;FALSE;1546956428797;1546956428798;0.0009766
1546956430870;Visual2019-13;V2;-1;-1;-1;-1;1;woman;1196;0;;;2;0;2;0;0;0;off;off;ColorSketch;Color_1;1546956324973;1546956624987;1546956546599;FALSE;1546956430922;1546956430924;0.0019457
1546956442366;Visual2019-13;V2;-1;-1;-1;-1;1;woman;1196;0;;;1;0;2;0;0;0;off;off;ColorSketch;Color_1|Face_1;1546956324973;1546956624987;1546956546599;FALSE;;;
1546956459793;Visual2019-13;V2;-1;-1;-1;-1;1;woman;1196;0;;;1;0;2;0;0;0;off;off;ColorSketch;Color_1;1546956324973;1546956624987;1546956546599;FALSE;1546956459857;1546956459858;0.0009774
1546956460910;Visual2019-13;V2;-1;-1;-1;-1;1;woman;1196;0;;;1;0;2;0;0;0;off;off;ColorSketch;Face_1;1546956324973;1546956624987;1546956546599;FALSE;1546956460967;1546956460968;0.0009746
1546956461872;Visual2019-13;V2;-1;-1;-1;-1;1;woman;1196;0;;;1;0;2;0;0;0;off;off;ColorSketch;Face_1;1546956324973;1546956624987;1546956546599;FALSE;1546956461935;1546956461936;0.0009767
1546956462976;Visual2019-13;V2;-1;-1;-1;-1;1;woman;1196;0;;;1;0;2;0;0;0;off;off;ColorSketch;Face_1;1546956324973;1546956624987;1546956546599;FALSE;1546956463032;1546956463032;0
1546956467647;Visual2019-13;V2;547;679;1839;1961;1;woman;1196;0;;;0;0;2;0;0;0;off;off;ColorSketch;Color_1|Face_1;1546956324973;1546956624987;1546956546599;FALSE;;;
1546956490316;Visual2019-13;V2;8;33;2013;2104;1;woman;1196;1;face;1136;0;0;2;0;0;0;off;off;ColorSketch;KW_2;1546956324973;1546956624987;1546956546599;FALSE;1546956490374;1546956490375;0.0009782
1546956517779;Visual2019-13;V2;547;679;1839;1961;1;woman;1196;0;;;0;0;2;0;0;0;off;off;ColorSketch;KW_2;1546956324973;1546956624987;1546956546599;FALSE;1546956517844;1546956517845;0.0009814
1546956529013;Visual2019-13;V2;0;257;0;289;1;woman;1196;1;picture frame;652;0;0;2;0;0;0;off;off;Keyword;KW_2;1546956324973;1546956624987;1546956546599;FALSE;;;
1546957135315;Textual2019-10;T3;0;-1;0;34;1;canyon;1099;0;;;0;0;0;0;0;0;off;off;Keyword;KW_1;1546957127688;1546957607704;1546957223355;FALSE;1546957135375;1546957135375;0
1546957138012;Textual2019-10;T3;18;18;25;25;1;canyon;1099;1;bridge;313+705+818+872;0;0;0;0;0;0;off;off;Keyword;KW_2;1546957127688;1546957607704;1546957223355;FALSE;1546957138063;1546957138063;0
1546957633642;Visual2019-11;V3;7339;-1;475251;475339;0;;;0;;;0;0;0;0;0;0;off;off;None;KW_1|KW_2;1546957646288;1546957946298;1546957763506;FALSE;1546957633670;1546957633673;0.0029299
1546957652494;Visual2019-11;V3;5412;-1;40797;40866;0;;;0;;;0;0;1;0;0;0;off;off;ColorSketch;Face_1;1546957646288;1546957946298;1546957763506;FALSE;1546957652545;1546957652546;0.0009774
1546957655088;Visual2019-11;V3;3900;-1;22068;22073;0;;;0;;;0;0;1;1;0;0;off;off;ColorSketch;Face_2;1546957646288;1546957946298;1546957763506;FALSE;1546957655142;1546957655142;0
1546957656451;Visual2019-11;V3;3568;-1;21309;21329;0;;;0;;;0;0;1;2;0;0;off;off;ColorSketch;Face_2;1546957646288;1546957946298;1546957763506;FALSE;1546957656518;1546957656519;0.0009873
1546957662456;Visual2019-11;V3;1305;-1;4282;-1;0;;;0;;;0;0;1;2;0;0;off;off;ColorSketch;Face_1;1546957646288;1546957946298;1546957763506;FALSE;1546957662516;1546957662517;0.0009758
1546957679759;Visual2019-11;V3;1395;-1;3413;-1;0;;;0;;;0;0;1;2;0;0;off;off;ColorSketch;Face_1;1546957646288;1546957946298;1546957763506;FALSE;;;
1546957681623;Visual2019-11;V3;-1;-1;-1;-1;0;;;0;;;0;0;1;2;0;0;off;off;ColorSketch;;1546957646288;1546957946298;1546957763506;FALSE;1546957681686;1546957681686;0
1546957683220;Visual2019-11;V3;-1;-1;-1;-1;0;;;0;;;0;0;1;2;0;0;off;off;ColorSketch;;1546957646288;1546957946298;1546957763506;FALSE;1546957683279;1546957683280;0.0009754
1546957684594;Visual2019-11;V3;-1;-1;-1;-1;0;;;0;;;0;0;1;2;0;0;off;off;ColorSketch;;1546957646288;1546957946298;1546957763506;FALSE;1546957684653;1546957684654;0.000979
1546957687622;Visual2019-11;V3;95;-1;143;-1;0;;;0;;;0;0;1;2;0;0;off;off;ColorSketch;;1546957646288;1546957946298;1546957763506;FALSE;;;
1546957690900;Visual2019-11;V3;167;-1;799;-1;0;;;0;;;0;0;1;0;0;0;off;off;ColorSketch;Face_2;1546957646288;1546957946298;1546957763506;FALSE;;;
1546957712580;Visual2019-11;V3;-1;-1;-1;-1;0;;;0;;;0;0;2;0;0;0;off;off;ColorSketch;Face_1;1546957646288;1546957946298;1546957763506;FALSE;;;
1546957713673;Visual2019-11;V3;124;-1;289;-1;0;;;0;;;0;0;2;0;0;0;off;off;ColorSketch;Face_1;1546957646288;1546957946298;1546957763506;FALSE;1546957713731;1546957713732;0.000977
1546957725431;Visual2019-11;V3;151;-1;881;-1;0;;;0;;;0;0;2;0;0;0;off;off;ColorSketch;;1546957646288;1546957946298;1546957763506;FALSE;1546957725482;1546957725483;0.000938
1546957730704;Visual2019-11;V3;133;-1;740;-1;0;;;0;;;0;0;2;0;0;0;off;off;ColorSketch;Face_1;1546957646288;1546957946298;1546957763506;FALSE;1546957730763;1546957730764;0.000962
1546957740423;Visual2019-11;V3;151;-1;881;-1;0;;;0;;;0;0;2;0;0;0;off;off;ColorSketch;Face_1;1546957646288;1546957946298;1546957763506;FALSE;1546957740482;1546957740483;0.0009367
1546957752242;Visual2019-11;V3;1;-1;1;-1;1;wall;878;0;;;0;0;2;0;0;0;off;off;Keyword;KW_1;1546957646288;1546957946298;1546957763506;FALSE;1546957752297;1546957752297;0
1546958704813;Textual2019-11;T4;NA;NA;NA;NA;0;;;0;;;0;0;0;0;0;0;off;off;None;KW_1;1546958710673;1546959190694;NA;NA;1546958704846;1546958704846;0.0009774
1546958719259;Textual2019-11;T4;17142;-1;57934;-1;0;;;1;horse;175+176+177+178;0;0;0;0;0;0;off;off;None;KW_2;1546958710673;1546959190694;NA;NA;1546958719312;1546958719315;0.0029323
1546958723865;Textual2019-11;T4;1898;-1;2630;42436;1;tent;835+372;1;horse;175+176+177+178;0;0;0;0;0;0;off;off;Keyword;KW_1;1546958710673;1546959190694;NA;NA;1546958723922;1546958723923;0.0009755
1546958741531;Textual2019-11;T4;2148;-1;3007;45969;1;tent OR farmer's market;835+372+468;1;horse;175+176+177+178;0;0;0;0;0;0;off;off;Keyword;KW_1;1546958710673;1546959190694;NA;NA;1546958741593;1546958741594;0.000953
1546958777994;Textual2019-11;T4;485;-1;598;2979;1;tent OR farmer's market;835+372+468;1;horse OR person;175+176+177+178+0+1136+1137+1160+1196+1138+1139+1147+1149+1159+1183+1186+1172+1188+1140+1141+1142+1145+1148+1157+1168+1185+1143+1178+1187+1144+1173+1193+1150+1166+1151+1190+1175+1177+1191+1152+1180+1153+1164+1165+1154+1155+1174+1167+1184+1195+1170+1181+1156+1158+1161+1171+1194+1162+1163+1169+1176+1179+1182+1189+1192;0;0;0;0;0;0;off;off;Keyword;KW_2;1546958710673;1546959190694;NA;NA;1546958778045;1546958778046;0.0009371
1546958952251;Textual2019-11;T4;84;-1;105;-1;1;tent OR farmer's market;835+372+468;1;horse OR person;175+176+177+178+0+1136+1137+1160+1196+1138+1139+1147+1149+1159+1183+1186+1172+1188+1140+1141+1142+1145+1148+1157+1168+1185+1143+1178+1187+1144+1173+1193+1150+1166+1151+1190+1175+1177+1191+1152+1180+1153+1164+1165+1154+1155+1174+1167+1184+1195+1170+1181+1156+1158+1161+1171+1194+1162+1163+1169+1176+1179+1182+1189+1192;0;1;0;0;0;0;off;off;Keyword;Color_2;1546958710673;1546959190694;NA;NA;;;
1546958959777;Textual2019-11;T4;485;-1;598;2979;1;tent OR farmer's market;835+372+468;1;horse OR person;175+176+177+178+0+1136+1137+1160+1196+1138+1139+1147+1149+1159+1183+1186+1172+1188+1140+1141+1142+1145+1148+1157+1168+1185+1143+1178+1187+1144+1173+1193+1150+1166+1151+1190+1175+1177+1191+1152+1180+1153+1164+1165+1154+1155+1174+1167+1184+1195+1170+1181+1156+1158+1161+1171+1194+1162+1163+1169+1176+1179+1182+1189+1192;0;0;0;0;0;0;off;off;Keyword;Color_2;1546958710673;1546959190694;NA;NA;1546958959831;1546958959832;0.0009766
1546958965588;Textual2019-11;T4;2148;-1;3007;45969;1;tent OR farmer's market;835+372+468;1;horse;175+176+177+178;0;0;0;0;0;0;off;off;Keyword;KW_2;1546958710673;1546959190694;NA;NA;1546958965640;1546958965641;0.0009767
1546958978163;Textual2019-11;T4;344;-1;459;1682;1;tent OR farmer's market;835+372+468;0;;;0;0;0;0;0;0;off;off;Keyword;KW_2;1546958710673;1546959190694;NA;NA;1546958978220;1546958978221;0.0009384
1546958980217;Textual2019-11;T4;16;-1;18;7652;1;tent OR farmer's market;835+372+468;1;library;575;0;0;0;0;0;0;off;off;Keyword;KW_2;1546958710673;1546959190694;NA;NA;1546958980284;1546958980285;0.0009782
1546958996474;Textual2019-11;T4;254;-1;310;49864;1;tent OR farmer's market;835+372+468;1;library OR horse;575+175+176+177+178;0;0;0;0;0;0;off;off;Keyword;KW_2;1546958710673;1546959190694;NA;NA;1546958996528;1546958996529;0.0009573
1546959002338;Textual2019-11;T4;16;-1;18;7652;1;tent OR farmer's market;835+372+468;1;library;575;0;0;0;0;0;0;off;off;Keyword;KW_2;1546958710673;1546959190694;NA;NA;1546959002390;1546959002391;0.0009794
1546959024339;Textual2019-11;T4;103;-1;122;9414;1;farmer's market;468;1;library;575;0;0;0;0;0;0;off;off;Keyword;KW_1;1546958710673;1546959190694;NA;NA;1546959024390;1546959024391;0.0009778
1546959039990;Textual2019-11;T4;22546;-1;865579;865621;0;;;1;library;575;0;0;0;0;0;0;off;off;None;KW_1;1546958710673;1546959190694;NA;NA;1546959040046;1546959040046;0
1546959044098;Textual2019-11;T4;142;-1;176;21915;1;marketplace;596+468+513+547;1;library;575;0;0;0;0;0;0;off;off;Keyword;KW_1;1546958710673;1546959190694;NA;NA;1546959044153;1546959044154;0.0009392
1546959050985;Textual2019-11;T4;22546;-1;865579;865621;0;;;1;library;575;0;0;0;0;0;0;off;off;None;KW_1;1546958710673;1546959190694;NA;NA;1546959051044;1546959051044;0.0009426
1546959053405;Textual2019-11;T4;12759;-1;26044;-1;1;horse;175+176+177+178;1;library;575;0;0;0;0;0;0;off;off;Keyword;KW_1;1546958710673;1546959190694;NA;NA;1546959053466;1546959053467;0.0009782
1546959068579;Textual2019-11;T4;14527;-1;29759;-1;1;horse;175+176+177+178;1;library OR person;575+0+1136+1137+1160+1196+1138+1139+1147+1149+1159+1183+1186+1172+1188+1140+1141+1142+1145+1148+1157+1168+1185+1143+1178+1187+1144+1173+1193+1150+1166+1151+1190+1175+1177+1191+1152+1180+1153+1164+1165+1154+1155+1174+1167+1184+1195+1170+1181+1156+1158+1161+1171+1194+1162+1163+1169+1176+1179+1182+1189+1192;0;0;0;0;0;0;off;off;Keyword;KW_2;1546958710673;1546959190694;NA;NA;1546959068638;1546959068638;0
1546959110376;Textual2019-11;T4;5574;-1;7957;-1;1;horse;175+176+177+178;1;library OR person;575+0+1136+1137+1160+1196+1138+1139+1147+1149+1159+1183+1186+1172+1188+1140+1141+1142+1145+1148+1157+1168+1185+1143+1178+1187+1144+1173+1193+1150+1166+1151+1190+1175+1177+1191+1152+1180+1153+1164+1165+1154+1155+1174+1167+1184+1195+1170+1181+1156+1158+1161+1171+1194+1162+1163+1169+1176+1179+1182+1189+1192;0;0;0;0;0;0;on;off;Semantic;Semantic_1;1546958710673;1546959190694;NA;NA;1546959110438;1546959110439;0.0009759
1546959113138;Textual2019-11;T4;3797;-1;5514;-1;0;;;1;library OR person;575+0+1136+1137+1160+1196+1138+1139+1147+1149+1159+1183+1186+1172+1188+1140+1141+1142+1145+1148+1157+1168+1185+1143+1178+1187+1144+1173+1193+1150+1166+1151+1190+1175+1177+1191+1152+1180+1153+1164+1165+1154+1155+1174+1167+1184+1195+1170+1181+1156+1158+1161+1171+1194+1162+1163+1169+1176+1179+1182+1189+1192;0;0;0;0;0;0;on;off;Semantic;KW_1;1546958710673;1546959190694;NA;NA;1546959113203;1546959113203;0
1546959123341;Textual2019-11;T4;3797;-1;5516;-1;0;;;1;library OR person OR book;575+0+1136+1137+1160+1196+1138+1139+1147+1149+1159+1183+1186+1172+1188+1140+1141+1142+1145+1148+1157+1168+1185+1143+1178+1187+1144+1173+1193+1150+1166+1151+1190+1175+1177+1191+1152+1180+1153+1164+1165+1154+1155+1174+1167+1184+1195+1170+1181+1156+1158+1161+1171+1194+1162+1163+1169+1176+1179+1182+1189+1192+299;0;0;0;0;0;0;on;off;Semantic;KW_2;1546958710673;1546959190694;NA;NA;1546959123407;1546959123407;0
1546959125540;Textual2019-11;T4;3797;-1;5516;-1;0;;;1;person OR book;0+1136+1137+1160+1196+1138+1139+1147+1149+1159+1183+1186+1172+1188+1140+1141+1142+1145+1148+1157+1168+1185+1143+1178+1187+1144+1173+1193+1150+1166+1151+1190+1175+1177+1191+1152+1180+1153+1164+1165+1154+1155+1174+1167+1184+1195+1170+1181+1156+1158+1161+1171+1194+1162+1163+1169+1176+1179+1182+1189+1192+299;0;0;0;0;0;0;on;off;Semantic;KW_2;1546958710673;1546959190694;NA;NA;1546959125591;1546959125592;0.0009759
1546959127272;Textual2019-11;T4;634;7800;802;14604;0;;;1;book;299;0;0;0;0;0;0;on;off;Semantic;KW_2;1546958710673;1546959190694;NA;NA;1546959127336;1546959127337;0.0009774
1546959139192;Textual2019-11;T4;8;-1;8;1319;1;farmer's market;468;1;book;299;0;0;0;0;0;0;on;off;Keyword;KW_1;1546958710673;1546959190694;NA;NA;1546959139246;1546959139247;0.0009731
1546959150920;Textual2019-11;T4;23;-1;25;1889;1;farmer's market;468;1;book OR horse;299+175+176+177+178;0;0;0;0;0;0;on;off;Keyword;KW_2;1546958710673;1546959190694;NA;NA;1546959150984;1546959150984;0
1546959152603;Textual2019-11;T4;599;-1;707;1668;1;farmer's market;468;1;horse;175+176+177+178;0;0;0;0;0;0;on;off;Keyword;KW_2;1546958710673;1546959190694;NA;NA;1546959152653;1546959152654;0.0009747
1546959166635;Textual2019-11;T4;2804;-1;4101;15606;1;farmer's market;468;1;horse;175+176+177+178;0;0;0;0;0;0;off;off;Keyword;Semantic_1;1546958710673;1546959190694;NA;NA;;;
1546959229170;Visual2019-12;V4;6145;-1;324500;324500;0;;;0;;;0;0;0;0;0;0;off;off;None;KW_1|KW_2;1546959247752;1546959441229;NA;NA;1546959229203;1546959229206;0.0029295
1546959250663;Visual2019-12;V4;10823;10825;132423;132423;0;;;0;;;0;0;1;0;0;0;off;off;ColorSketch;Face_1;1546959247752;1546959441229;NA;NA;1546959250719;1546959250720;0.0009628
1546959252176;Visual2019-12;V4;5711;-1;70613;70868;0;;;0;;;0;0;2;0;0;0;off;off;ColorSketch;Face_1;1546959247752;1546959441229;NA;NA;1546959252231;1546959252232;0.0009565
1546959253394;Visual2019-12;V4;372;434;43843;44048;0;;;0;;;0;0;2;0;0;0;off;off;ColorSketch;Face_1;1546959247752;1546959441229;NA;NA;1546959253452;1546959253453;0.0009771
1546959255266;Visual2019-12;V4;130;-1;65;-1;0;;;0;;;0;0;2;0;0;0;off;off;ColorSketch;Face_1;1546959247752;1546959441229;NA;NA;;;
1546959256902;Visual2019-12;V4;8;-1;8;-1;0;;;0;;;1;0;2;0;0;0;off;off;ColorSketch;Color_1;1546959247752;1546959441229;NA;NA;1546959256954;1546959256954;0
1546959267341;Visual2019-12;V4;7;-1;7;-1;0;;;0;;;1;0;2;0;0;0;off;off;ColorSketch;Color_1;1546959247752;1546959441229;NA;NA;;;
1546959275772;Visual2019-12;V4;23;-1;25;-1;0;;;0;;;1;1;2;0;0;0;off;off;ColorSketch;Color_2;1546959247752;1546959441229;NA;NA;;;
1546959291580;Visual2019-12;V4;33;-1;34;-1;0;;;0;;;1;1;2;0;0;0;off;off;ColorSketch;Face_1;1546959247752;1546959441229;NA;NA;1546959291639;1546959291640;0.000962
1546959298781;Visual2019-12;V4;22;-1;22;-1;0;;;0;;;1;1;2;0;0;0;on;off;Semantic;Semantic_1;1546959247752;1546959441229;NA;NA;1546959298844;1546959298845;0.0009624
1546959306703;Visual2019-12;V4;33;-1;34;-1;0;;;0;;;1;1;2;0;0;0;off;off;ColorSketch;Semantic_1;1546959247752;1546959441229;NA;NA;1546959306743;1546959306744;0.0009774
1546959309199;Visual2019-12;V4;-1;-1;-1;-1;0;;;0;;;0;1;2;0;0;0;off;off;ColorSketch;Color_1;1546959247752;1546959441229;NA;NA;1546959309258;1546959309259;0.0009648
1546959310498;Visual2019-12;V4;-1;-1;-1;-1;0;;;0;;;0;1;2;0;0;0;off;off;ColorSketch;Face_1;1546959247752;1546959441229;NA;NA;1546959310561;1546959310561;0
1546959313459;Visual2019-12;V4;-1;-1;-1;-1;0;;;0;;;0;1;2;0;0;0;off;off;ColorSketch;Face_1;1546959247752;1546959441229;NA;NA;1546959313522;1546959313522;0
1546959316876;Visual2019-12;V4;-1;-1;-1;-1;0;;;0;;;0;1;2;0;0;0;off;off;ColorSketch;Face_1;1546959247752;1546959441229;NA;NA;;;
1546959319485;Visual2019-12;V4;-1;-1;-1;-1;0;;;0;;;0;1;2;0;0;0;off;off;ColorSketch;Face_1;1546959247752;1546959441229;NA;NA;;;
1546959333282;Visual2019-12;V4;-1;-1;-1;-1;0;;;0;;;0;1;3;0;0;0;off;off;ColorSketch;Face_1;1546959247752;1546959441229;NA;NA;;;
1546959334441;Visual2019-12;V4;391;-1;81;-1;0;;;0;;;0;0;3;0;0;0;off;off;ColorSketch;Color_2;1546959247752;1546959441229;NA;NA;1546959334499;1546959334500;0.0009581
1546959346940;Visual2019-12;V4;-1;-1;-1;-1;1;bed;277;0;;;0;0;3;0;0;0;off;off;Keyword;KW_1;1546959247752;1546959441229;NA;NA;1546959346998;1546959346999;0.0009727
1546959349908;Visual2019-12;V4;391;-1;81;-1;0;;;0;;;0;0;3;0;0;0;off;off;ColorSketch;KW_1;1546959247752;1546959441229;NA;NA;1546959349968;1546959349969;0.000966
1546959381033;Visual2019-12;V4;1189;1219;2998;2999;0;;;0;;;0;0;3;0;0;0;off;off;ColorSketch;Face_1;1546959247752;1546959441229;NA;NA;;;
1546959387435;Visual2019-12;V4;259;259;60;60;0;;;0;;;0;0;4;0;0;0;off;off;ColorSketch;Face_1;1546959247752;1546959441229;NA;NA;;;
1546959388538;Visual2019-12;V4;915;915;1754;1754;0;;;0;;;0;0;4;0;0;0;off;off;ColorSketch;Face_1;1546959247752;1546959441229;NA;NA;1546959388597;1546959388597;0
1546959394561;Visual2019-12;V4;251;251;1557;1557;0;;;0;;;0;0;5;0;0;0;off;off;ColorSketch;Face_1;1546959247752;1546959441229;NA;NA;;;
1546959415463;Visual2019-12;V4;-1;-1;-1;-1;0;;;0;;;0;0;5;0;0;0;off;off;ColorSketch;Face_1;1546959247752;1546959441229;NA;NA;;;
1546959417751;Visual2019-12;V4;-1;-1;-1;-1;0;;;0;;;0;0;5;0;0;0;off;off;ColorSketch;Face_1;1546959247752;1546959441229;NA;NA;;;
1546959418282;Visual2019-12;V4;30;-1;59822;59891;0;;;0;;;0;0;5;0;0;0;off;off;ColorSketch;Face_1;1546959247752;1546959441229;NA;NA;1546959418348;1546959418348;0
1546959431931;Visual2019-12;V4;30;30;40909;41087;0;;;0;;;0;0;5;0;0;0;off;off;ColorSketch;Face_1;1546959247752;1546959441229;NA;NA;;;
1546959434328;Visual2019-12;V4;424;1351;718;2185;0;;;0;;;1;0;5;0;0;0;off;off;ColorSketch;Color_1;1546959247752;1546959441229;NA;NA;1546959434395;1546959434395;0
1546959435867;Visual2019-12;V4;621;-1;963;4387;0;;;0;;;1;0;5;0;0;0;off;off;ColorSketch;Color_1;1546959247752;1546959441229;NA;NA;1546959435922;1546959435922;0.0009636
1546959437217;Visual2019-12;V4;621;-1;963;4387;0;;;0;;;1;0;5;0;0;0;off;off;ColorSketch;;1546959247752;1546959441229;NA;NA;1546959437281;1546959437281;0
1546959438661;Visual2019-12;V4;529;-1;663;5063;0;;;0;;;1;0;5;0;0;0;off;off;ColorSketch;Color_1;1546959247752;1546959441229;NA;NA;1546959438717;1546959438718;0.0009616
1546959440322;Visual2019-12;V4;556;-1;694;5344;0;;;0;;;1;0;5;0;0;0;off;off;ColorSketch;Color_1|Face_1;1546959247752;1546959441229;NA;NA;1546959440373;1546959440374;0.0009762
1546960223327;Textual2019-12;T5;NA;NA;NA;NA;0;;;0;;;0;0;0;0;0;0;off;off;None;;1546960239370;1546960719387;1546960261932;FALSE;1546960223359;1546960223360;0.0009774
1546960247355;Textual2019-12;T5;108;287;127;440;1;church;369+357;0;;;0;0;0;0;0;0;off;off;Keyword;KW_1;1546960239370;1546960719387;1546960261932;FALSE;1546960247419;1546960247419;0
1546960250090;Textual2019-12;T5;8;8;8;8;1;church;369+357;1;window;892;0;0;0;0;0;0;off;off;Keyword;KW_2;1546960239370;1546960719387;1546960261932;FALSE;1546960250141;1546960250142;0.000966
1546960319159;Textual2019-12;T5;6924;-1;49221;49221;0;;;1;window;892;0;0;0;0;0;0;off;off;None;KW_1;1546960239370;1546960719387;1546960261932;TRUE;1546960319215;1546960319216;0.0009624
1546960320933;Textual2019-12;T5;14892;14892;911688;911703;0;;;0;;;0;0;0;0;0;0;off;off;None;KW_2;1546960239370;1546960719387;1546960261932;TRUE;1546960320984;1546960320985;0.0009774
1546960323921;Textual2019-12;T5;14892;14892;911688;911703;0;;;0;;;0;0;0;0;0;0;off;off;None;;1546960239370;1546960719387;1546960261932;TRUE;1546960323955;1546960323958;0.0029295
1546960783008;Visual2019-14;V5;10019;-1;185595;185951;0;;;0;;;0;0;1;0;0;0;off;off;ColorSketch;Face_1;1546960777396;1546960907813;NA;NA;1546960783059;1546960783060;0.0009616
1546960785837;Visual2019-14;V5;5271;-1;47;-1;0;;;0;;;0;0;1;0;0;0;off;off;ColorSketch;Face_1;1546960777396;1546960907813;NA;NA;1546960785891;1546960785892;0.000977
1546960786847;Visual2019-14;V5;1393;-1;128;-1;0;;;0;;;0;0;1;0;0;0;off;off;ColorSketch;Face_1;1546960777396;1546960907813;NA;NA;1546960786903;1546960786904;0.0009767
1546960791606;Visual2019-14;V5;266;-1;604;-1;0;;;1;motorcyclist;1173;0;0;1;0;0;0;off;off;ColorSketch;KW_2;1546960777396;1546960907813;NA;NA;1546960791668;1546960791669;0.0009652
1546960795905;Visual2019-14;V5;-1;-1;-1;-1;0;;;1;motorcyclist;1173;0;1;1;0;0;0;off;off;ColorSketch;Color_2;1546960777396;1546960907813;NA;NA;1546960795970;1546960795971;0.0009786
1546960801077;Visual2019-14;V5;377;377;518;518;1;motorcyclist;1173;0;;;1;0;0;1;0;0;off;off;ColorSketch;Color_2;1546960777396;1546960907813;NA;NA;;;
1546960819013;Visual2019-14;V5;-1;-1;-1;-1;0;;;0;;;0;1;1;0;0;0;off;off;ColorSketch;KW_2;1546960777396;1546960907813;NA;NA;;;
1546960825370;Visual2019-14;V5;-1;-1;-1;-1;0;;;0;;;0;1;0;0;0;0;off;off;None;Face_1;1546960777396;1546960907813;NA;NA;1546960825428;1546960825429;0.000977
1546960831159;Visual2019-14;V5;-1;-1;-1;-1;1;motorcycle;616;0;;;0;1;0;0;0;0;off;off;Keyword;KW_1;1546960777396;1546960907813;NA;NA;1546960831219;1546960831220;0.0009624
1546960835149;Visual2019-14;V5;-1;-1;-1;-1;1;motorcycle;616;0;;;1;1;0;0;0;0;off;off;ColorSketch;Color_1;1546960777396;1546960907813;NA;NA;1546960835202;1546960835203;0.000977
1546960837425;Visual2019-14;V5;-1;-1;-1;-1;1;motorcycle;616;0;;;1;1;0;0;0;0;off;off;ColorSketch;Color_1;1546960777396;1546960907813;NA;NA;;;
1546960885254;Visual2019-14;V5;1582;2441;2352;3918;1;motorcycle;616;0;;;1;0;0;0;0;0;off;off;ColorSketch;Color_2;1546960777396;1546960907813;NA;NA;1546960885309;1546960885310;0.0009758
1546961470937;Textual2019-13;T6;4159;-1;198015;198015;0;;;0;;;0;0;1;0;0;0;off;off;ColorSketch;Face_1;1546961463928;1546961943949;NA;NA;;;
1546961473233;Textual2019-13;T6;5364;-1;14647;-1;0;;;0;;;1;0;1;0;0;0;off;off;ColorSketch;Color_1;1546961463928;1546961943949;NA;NA;1546961473297;1546961473298;0.0009751
1546961474675;Textual2019-13;T6;4713;4713;11329;11329;0;;;0;;;1;0;1;0;0;0;off;off;ColorSketch;Color_1;1546961463928;1546961943949;NA;NA;1546961474734;1546961474735;0.0009774
1546961475761;Textual2019-13;T6;6239;6432;16428;17090;0;;;0;;;1;0;1;0;0;0;off;off;ColorSketch;Color_1;1546961463928;1546961943949;NA;NA;1546961475812;1546961475813;0.0009636
1546961479866;Textual2019-13;T6;6013;6013;14666;14666;0;;;0;;;1;0;1;0;0;0;off;off;ColorSketch;Color_1|Face_1;1546961463928;1546961943949;NA;NA;;;
1546961483830;Textual2019-13;T6;2797;2797;5225;5225;1;broadcasting studio;315;0;;;1;0;1;0;0;0;off;off;Keyword;KW_1;1546961463928;1546961943949;NA;NA;1546961483890;1546961483890;0
1546961596914;Textual2019-13;T6;3013;3013;4678;4678;1;broadcasting studio;315;0;;;2;0;1;0;0;0;off;off;ColorSketch;Color_1;1546961463928;1546961943949;NA;NA;1546961596970;1546961596971;0.0009746
1546961601688;Textual2019-13;T6;3070;-1;5567;9302;1;broadcasting studio;315;0;;;2;0;1;0;0;0;off;off;ColorSketch;Color_1;1546961463928;1546961943949;NA;NA;;;
1546961605958;Textual2019-13;T6;3213;-1;5999;7587;1;broadcasting studio;315;0;;;2;0;1;0;0;0;off;off;ColorSketch;Color_1;1546961463928;1546961943949;NA;NA;;;
1546961621338;Textual2019-13;T6;3194;-1;5972;7554;1;broadcasting studio;315;1;microphone;606;2;0;1;0;0;0;off;off;ColorSketch;KW_2;1546961463928;1546961943949;NA;NA;1546961621389;1546961621390;0.000936
1546961624283;Textual2019-13;T6;3073;3073;6120;6120;1;broadcasting studio;315;1;microphone;606;1;0;1;0;0;0;off;off;ColorSketch;Color_1;1546961463928;1546961943949;NA;NA;1546961624340;1546961624341;0.000964
1546961625071;Textual2019-13;T6;1943;6380;6187;21776;1;broadcasting studio;315;1;microphone;606;1;0;0;0;0;0;off;off;ColorSketch;Face_1;1546961463928;1546961943949;NA;NA;1546961625125;1546961625125;0
1546961631341;Textual2019-13;T6;90;-1;149;75159;1;broadcasting studio;315;1;microphone;606;0;0;0;0;0;0;off;off;Keyword;Color_1;1546961463928;1546961943949;NA;NA;;;
1546961663576;Textual2019-13;T6;148;-1;217;11745;1;broadcasting studio;315;1;microphone OR table;606+825+226+262+429+564;0;0;0;0;0;0;off;off;Keyword;KW_2;1546961463928;1546961943949;NA;NA;1546961663639;1546961663639;0
1546961728459;Textual2019-13;T6;941;-1;1637;3971;1;broadcasting studio OR person;315+0+1136+1137+1160+1196+1138+1139+1147+1149+1159+1183+1186+1172+1188+1140+1141+1142+1145+1148+1157+1168+1185+1143+1178+1187+1144+1173+1193+1150+1166+1151+1190+1175+1177+1191+1152+1180+1153+1164+1165+1154+1155+1174+1167+1184+1195+1170+1181+1156+1158+1161+1171+1194+1162+1163+1169+1176+1179+1182+1189+1192;1;microphone OR table;606+825+226+262+429+564;0;0;0;0;0;0;off;off;Keyword;KW_1;1546961463928;1546961943949;NA;NA;1546961728515;1546961728516;0.0009782
1546961731375;Textual2019-13;T6;123;2334;147;4933;2;broadcasting studio AND person;315|0+1136+1137+1160+1196+1138+1139+1147+1149+1159+1183+1186+1172+1188+1140+1141+1142+1145+1148+1157+1168+1185+1143+1178+1187+1144+1173+1193+1150+1166+1151+1190+1175+1177+1191+1152+1180+1153+1164+1165+1154+1155+1174+1167+1184+1195+1170+1181+1156+1158+1161+1171+1194+1162+1163+1169+1176+1179+1182+1189+1192;1;microphone OR table;606+825+226+262+429+564;0;0;0;0;0;0;off;off;Keyword;;1546961463928;1546961943949;NA;NA;1546961731434;1546961731435;0.0009676
1546961790221;Textual2019-13;T6;2401;-1;6078;70902;2;broadcasting studio AND person;315|0+1136+1137+1160+1196+1138+1139+1147+1149+1159+1183+1186+1172+1188+1140+1141+1142+1145+1148+1157+1168+1185+1143+1178+1187+1144+1173+1193+1150+1166+1151+1190+1175+1177+1191+1152+1180+1153+1164+1165+1154+1155+1174+1167+1184+1195+1170+1181+1156+1158+1161+1171+1194+1162+1163+1169+1176+1179+1182+1189+1192;2;microphone AND table;606|825+226+262+429+564;0;0;0;0;0;0;off;off;Keyword;;1546961463928;1546961943949;NA;NA;1546961790280;1546961790281;0.0009743
1546961811460;Textual2019-13;T6;14982;-1;54790;55809;2;broadcasting studio AND person;315|0+1136+1137+1160+1196+1138+1139+1147+1149+1159+1183+1186+1172+1188+1140+1141+1142+1145+1148+1157+1168+1185+1143+1178+1187+1144+1173+1193+1150+1166+1151+1190+1175+1177+1191+1152+1180+1153+1164+1165+1154+1155+1174+1167+1184+1195+1170+1181+1156+1158+1161+1171+1194+1162+1163+1169+1176+1179+1182+1189+1192;2;microphone AND table;606|825+226+262+429+564;0;0;1;0;0;0;off;off;ColorSketch;Face_1;1546961463928;1546961943949;NA;NA;;;
1546961814852;Textual2019-13;T6;11010;-1;50673;50723;2;broadcasting studio AND person;315|0+1136+1137+1160+1196+1138+1139+1147+1149+1159+1183+1186+1172+1188+1140+1141+1142+1145+1148+1157+1168+1185+1143+1178+1187+1144+1173+1193+1150+1166+1151+1190+1175+1177+1191+1152+1180+1153+1164+1165+1154+1155+1174+1167+1184+1195+1170+1181+1156+1158+1161+1171+1194+1162+1163+1169+1176+1179+1182+1189+1192;2;microphone AND table;606|825+226+262+429+564;0;0;1;0;0;0;off;off;ColorSketch;Face_1;1546961463928;1546961943949;NA;NA;;;
1546961818288;Textual2019-13;T6;5988;-1;46209;-1;2;broadcasting studio AND person;315|0+1136+1137+1160+1196+1138+1139+1147+1149+1159+1183+1186+1172+1188+1140+1141+1142+1145+1148+1157+1168+1185+1143+1178+1187+1144+1173+1193+1150+1166+1151+1190+1175+1177+1191+1152+1180+1153+1164+1165+1154+1155+1174+1167+1184+1195+1170+1181+1156+1158+1161+1171+1194+1162+1163+1169+1176+1179+1182+1189+1192;2;microphone AND table;606|825+226+262+429+564;0;0;2;0;0;0;off;off;ColorSketch;Face_1;1546961463928;1546961943949;NA;NA;;;
1546961884793;Textual2019-13;T6;9817;-1;58906;59105;2;broadcasting studio AND person;315|0+1136+1137+1160+1196+1138+1139+1147+1149+1159+1183+1186+1172+1188+1140+1141+1142+1145+1148+1157+1168+1185+1143+1178+1187+1144+1173+1193+1150+1166+1151+1190+1175+1177+1191+1152+1180+1153+1164+1165+1154+1155+1174+1167+1184+1195+1170+1181+1156+1158+1161+1171+1194+1162+1163+1169+1176+1179+1182+1189+1192;2;microphone AND table;606|825+226+262+429+564;0;0;1;0;0;0;off;off;ColorSketch;Face_1;1546961463928;1546961943949;NA;NA;;;
1546961891387;Textual2019-13;T6;3475;4936;8922;13060;2;broadcasting studio AND person;315|0+1136+1137+1160+1196+1138+1139+1147+1149+1159+1183+1186+1172+1188+1140+1141+1142+1145+1148+1157+1168+1185+1143+1178+1187+1144+1173+1193+1150+1166+1151+1190+1175+1177+1191+1152+1180+1153+1164+1165+1154+1155+1174+1167+1184+1195+1170+1181+1156+1158+1161+1171+1194+1162+1163+1169+1176+1179+1182+1189+1192;2;microphone AND table;606|825+226+262+429+564;1;0;1;0;0;0;off;off;ColorSketch;Color_1;1546961463928;1546961943949;NA;NA;;;
1546961911074;Textual2019-13;T6;1888;4445;3582;9147;2;broadcasting studio AND person;315|0+1136+1137+1160+1196+1138+1139+1147+1149+1159+1183+1186+1172+1188+1140+1141+1142+1145+1148+1157+1168+1185+1143+1178+1187+1144+1173+1193+1150+1166+1151+1190+1175+1177+1191+1152+1180+1153+1164+1165+1154+1155+1174+1167+1184+1195+1170+1181+1156+1158+1161+1171+1194+1162+1163+1169+1176+1179+1182+1189+1192;2;microphone AND table;606|825+226+262+429+564;2;0;1;0;0;0;off;off;ColorSketch;Color_1;1546961463928;1546961943949;NA;NA;1546961911126;1546961911127;0.0009766
1546961916338;Textual2019-13;T6;2670;4326;5850;9968;2;broadcasting studio AND person;315|0+1136+1137+1160+1196+1138+1139+1147+1149+1159+1183+1186+1172+1188+1140+1141+1142+1145+1148+1157+1168+1185+1143+1178+1187+1144+1173+1193+1150+1166+1151+1190+1175+1177+1191+1152+1180+1153+1164+1165+1154+1155+1174+1167+1184+1195+1170+1181+1156+1158+1161+1171+1194+1162+1163+1169+1176+1179+1182+1189+1192;2;microphone AND table;606|825+226+262+429+564;2;0;1;0;0;0;off;off;ColorSketch;Color_1;1546961463928;1546961943949;NA;NA;;;
1546961923368;Textual2019-13;T6;2593;-1;5722;-1;2;broadcasting studio AND person;315|0+1136+1137+1160+1196+1138+1139+1147+1149+1159+1183+1186+1172+1188+1140+1141+1142+1145+1148+1157+1168+1185+1143+1178+1187+1144+1173+1193+1150+1166+1151+1190+1175+1177+1191+1152+1180+1153+1164+1165+1154+1155+1174+1167+1184+1195+1170+1181+1156+1158+1161+1171+1194+1162+1163+1169+1176+1179+1182+1189+1192;2;microphone AND table;606|825+226+262+429+564;2;0;1;0;0;0;off;off;ColorSketch;Color_1;1546961463928;1546961943949;NA;NA;1546961923420;1546961923420;0.000977
1546961993653;Textual2019-14;T7;997;-1;97339;97560;0;;;0;;;0;0;0;0;0;0;off;off;None;KW_1|Color_1|Face_1|KW_2;1546961993046;1546962473061;NA;NA;1546961993686;1546961993688;0.0019525
1546962005920;Textual2019-14;T7;425;599;607;1037;1;bicycle;284;0;;;0;0;0;0;0;0;off;off;Keyword;KW_1;1546961993046;1546962473061;NA;NA;1546962005983;1546962005983;0
1546962024577;Textual2019-14;T7;487;731;673;1180;1;bicycle OR desert;284+1086;0;;;0;0;0;0;0;0;off;off;Keyword;KW_1;1546961993046;1546962473061;NA;NA;1546962024639;1546962024640;0.000977
1546962026651;Textual2019-14;T7;139;139;198;198;2;bicycle AND desert;284|1086;0;;;0;0;0;0;0;0;off;off;Keyword;;1546961993046;1546962473061;NA;NA;1546962026702;1546962026703;0.0009798
1546962037506;Textual2019-14;T7;413;581;496;733;2;bicycle AND desert OR person;284|1086+0+1136+1137+1160+1196+1138+1139+1147+1149+1159+1183+1186+1172+1188+1140+1141+1142+1145+1148+1157+1168+1185+1143+1178+1187+1144+1173+1193+1150+1166+1151+1190+1175+1177+1191+1152+1180+1153+1164+1165+1154+1155+1174+1167+1184+1195+1170+1181+1156+1158+1161+1171+1194+1162+1163+1169+1176+1179+1182+1189+1192;0;;;0;0;0;0;0;0;off;off;Keyword;KW_1;1546961993046;1546962473061;NA;NA;1546962037563;1546962037563;0
1546962039726;Textual2019-14;T7;173;173;211;211;3;bicycle AND desert AND person;284|1086|0+1136+1137+1160+1196+1138+1139+1147+1149+1159+1183+1186+1172+1188+1140+1141+1142+1145+1148+1157+1168+1185+1143+1178+1187+1144+1173+1193+1150+1166+1151+1190+1175+1177+1191+1152+1180+1153+1164+1165+1154+1155+1174+1167+1184+1195+1170+1181+1156+1158+1161+1171+1194+1162+1163+1169+1176+1179+1182+1189+1192;0;;;0;0;0;0;0;0;off;off;Keyword;;1546961993046;1546962473061;NA;NA;1546962039780;1546962039782;0.0019517
1546962066407;Textual2019-14;T7;177;249;337;489;3;bicycle AND desert AND person;284|1086|0+1136+1137+1160+1196+1138+1139+1147+1149+1159+1183+1186+1172+1188+1140+1141+1142+1145+1148+1157+1168+1185+1143+1178+1187+1144+1173+1193+1150+1166+1151+1190+1175+1177+1191+1152+1180+1153+1164+1165+1154+1155+1174+1167+1184+1195+1170+1181+1156+1158+1161+1171+1194+1162+1163+1169+1176+1179+1182+1189+1192;0;;;0;0;0;0;0;0;on;off;Semantic;Semantic_1;1546961993046;1546962473061;NA;NA;1546962066469;1546962066470;0.0009368
1546962076518;Textual2019-14;T7;101;-1;239;10357;0;;;0;;;0;0;0;0;0;0;on;off;Semantic;KW_1;1546961993046;1546962473061;NA;NA;1546962076576;1546962076577;0.0009364
1546962085780;Textual2019-14;T7;525;-1;1612;3471;0;;;0;;;0;0;0;0;0;0;on;off;Semantic;Semantic_1;1546961993046;1546962473061;NA;NA;1546962085805;1546962085806;0.0009636
1546962136497;Textual2019-14;T7;997;-1;97339;97560;0;;;0;;;0;0;0;0;0;0;off;off;None;Semantic_1;1546961993046;1546962473061;NA;NA;1546962136537;1546962136538;0.0019126
1546962320202;Textual2019-14;T7;997;-1;97339;97560;0;;;0;;;0;0;0;0;0;0;off;off;None;;1546961993046;1546962473061;NA;NA;1546962320233;1546962320234;0.000936
1546962892621;Textual2019-15;T8;NA;NA;NA;NA;0;;;0;;;0;0;0;0;0;0;off;off;None;;1546962894788;1546963374828;1546963246991;FALSE;1546962892655;1546962892657;0.0019359
1546962908075;Textual2019-15;T8;85;-1;106;3058;1;bookshelf;301;0;;;0;0;0;0;0;0;off;off;Keyword;KW_1;1546962894788;1546963374828;1546963246991;FALSE;1546962908137;1546962908138;0.0009388
1546962913036;Textual2019-15;T8;907;-1;1175;20897;1;bookshelf OR woman;301+1196;0;;;0;0;0;0;0;0;off;off;Keyword;KW_1;1546962894788;1546963374828;1546963246991;FALSE;1546962913092;1546962913093;0.000962
1546962914287;Textual2019-15;T8;14;69;16;79;2;bookshelf AND woman;301|1196;0;;;0;0;0;0;0;0;off;off;Keyword;;1546962894788;1546963374828;1546963246991;FALSE;1546962914342;1546962914343;0.0009647
1546962925789;Textual2019-15;T8;9;67;12;77;2;bookshelf AND woman;301|1196;1;person;0+1136+1137+1160+1196+1138+1139+1147+1149+1159+1183+1186+1172+1188+1140+1141+1142+1145+1148+1157+1168+1185+1143+1178+1187+1144+1173+1193+1150+1166+1151+1190+1175+1177+1191+1152+1180+1153+1164+1165+1154+1155+1174+1167+1184+1195+1170+1181+1156+1158+1161+1171+1194+1162+1163+1169+1176+1179+1182+1189+1192;0;0;0;0;0;0;off;off;Keyword;KW_2;1546962894788;1546963374828;1546963246991;FALSE;1546962925840;1546962925841;0.000934
1546963018499;Textual2019-15;T8;24;78;45;119;2;bookshelf AND woman;301|1196;1;person;0+1136+1137+1160+1196+1138+1139+1147+1149+1159+1183+1186+1172+1188+1140+1141+1142+1145+1148+1157+1168+1185+1143+1178+1187+1144+1173+1193+1150+1166+1151+1190+1175+1177+1191+1152+1180+1153+1164+1165+1154+1155+1174+1167+1184+1195+1170+1181+1156+1158+1161+1171+1194+1162+1163+1169+1176+1179+1182+1189+1192;0;0;0;0;0;0;on;off;Semantic;Semantic_1;1546962894788;1546963374828;1546963246991;FALSE;1546963018561;1546963018562;0.0009376
1546963052293;Textual2019-15;T8;9;67;12;77;2;bookshelf AND woman;301|1196;1;person;0+1136+1137+1160+1196+1138+1139+1147+1149+1159+1183+1186+1172+1188+1140+1141+1142+1145+1148+1157+1168+1185+1143+1178+1187+1144+1173+1193+1150+1166+1151+1190+1175+1177+1191+1152+1180+1153+1164+1165+1154+1155+1174+1167+1184+1195+1170+1181+1156+1158+1161+1171+1194+1162+1163+1169+1176+1179+1182+1189+1192;0;0;0;0;0;0;off;off;Keyword;Semantic_1;1546962894788;1546963374828;1546963246991;FALSE;;;
1546963121198;Textual2019-15;T8;2138;-1;2907;-1;2;bookshelf AND woman;301|1196;1;person;0+1136+1137+1160+1196+1138+1139+1147+1149+1159+1183+1186+1172+1188+1140+1141+1142+1145+1148+1157+1168+1185+1143+1178+1187+1144+1173+1193+1150+1166+1151+1190+1175+1177+1191+1152+1180+1153+1164+1165+1154+1155+1174+1167+1184+1195+1170+1181+1156+1158+1161+1171+1194+1162+1163+1169+1176+1179+1182+1189+1192;1;0;0;0;0;0;off;off;ColorSketch;Color_1;1546962894788;1546963374828;1546963246991;FALSE;1546963121250;1546963121251;0.0009766
1546963122146;Textual2019-15;T8;-1;-1;-1;-1;2;bookshelf AND woman;301|1196;1;person;0+1136+1137+1160+1196+1138+1139+1147+1149+1159+1183+1186+1172+1188+1140+1141+1142+1145+1148+1157+1168+1185+1143+1178+1187+1144+1173+1193+1150+1166+1151+1190+1175+1177+1191+1152+1180+1153+1164+1165+1154+1155+1174+1167+1184+1195+1170+1181+1156+1158+1161+1171+1194+1162+1163+1169+1176+1179+1182+1189+1192;1;0;0;0;0;0;off;off;ColorSketch;Color_1;1546962894788;1546963374828;1546963246991;FALSE;1546963122202;1546963122203;0.0009766
1546963132888;Textual2019-15;T8;-1;-1;-1;-1;2;bookshelf AND woman;301|1196;1;person;0+1136+1137+1160+1196+1138+1139+1147+1149+1159+1183+1186+1172+1188+1140+1141+1142+1145+1148+1157+1168+1185+1143+1178+1187+1144+1173+1193+1150+1166+1151+1190+1175+1177+1191+1152+1180+1153+1164+1165+1154+1155+1174+1167+1184+1195+1170+1181+1156+1158+1161+1171+1194+1162+1163+1169+1176+1179+1182+1189+1192;1;0;0;0;0;0;off;off;Keyword;Color_1;1546962894788;1546963374828;1546963246991;FALSE;;;
1546963155806;Textual2019-15;T8;-1;-1;-1;-1;2;bookshelf AND woman;301|1196;1;person;0+1136+1137+1160+1196+1138+1139+1147+1149+1159+1183+1186+1172+1188+1140+1141+1142+1145+1148+1157+1168+1185+1143+1178+1187+1144+1173+1193+1150+1166+1151+1190+1175+1177+1191+1152+1180+1153+1164+1165+1154+1155+1174+1167+1184+1195+1170+1181+1156+1158+1161+1171+1194+1162+1163+1169+1176+1179+1182+1189+1192;1;0;0;0;0;0;off;off;Keyword;;1546962894788;1546963374828;1546963246991;FALSE;1546963155858;1546963155859;0.0009648
1546963159784;Textual2019-15;T8;842;-1;1064;-1;1;bookshelf;301;1;person;0+1136+1137+1160+1196+1138+1139+1147+1149+1159+1183+1186+1172+1188+1140+1141+1142+1145+1148+1157+1168+1185+1143+1178+1187+1144+1173+1193+1150+1166+1151+1190+1175+1177+1191+1152+1180+1153+1164+1165+1154+1155+1174+1167+1184+1195+1170+1181+1156+1158+1161+1171+1194+1162+1163+1169+1176+1179+1182+1189+1192;1;0;0;0;0;0;off;off;Keyword;KW_1;1546962894788;1546963374828;1546963246991;FALSE;1546963159844;1546963159845;0.0009415
1546963201248;Textual2019-15;T8;21;-1;21;-1;1;bookshelf;301;1;person;0+1136+1137+1160+1196+1138+1139+1147+1149+1159+1183+1186+1172+1188+1140+1141+1142+1145+1148+1157+1168+1185+1143+1178+1187+1144+1173+1193+1150+1166+1151+1190+1175+1177+1191+1152+1180+1153+1164+1165+1154+1155+1174+1167+1184+1195+1170+1181+1156+1158+1161+1171+1194+1162+1163+1169+1176+1179+1182+1189+1192;1;0;0;0;0;0;on;off;Semantic;Semantic_1;1546962894788;1546963374828;1546963246991;FALSE;1546963201313;1546963201314;0.0009423
1546963202212;Textual2019-15;T8;6;-1;6;3204;1;bookshelf;301;1;person;0+1136+1137+1160+1196+1138+1139+1147+1149+1159+1183+1186+1172+1188+1140+1141+1142+1145+1148+1157+1168+1185+1143+1178+1187+1144+1173+1193+1150+1166+1151+1190+1175+1177+1191+1152+1180+1153+1164+1165+1154+1155+1174+1167+1184+1195+1170+1181+1156+1158+1161+1171+1194+1162+1163+1169+1176+1179+1182+1189+1192;0;0;0;0;0;0;on;off;Semantic;Color_1;1546962894788;1546963374828;1546963246991;FALSE;1546963202264;1546963202264;0
1546963213322;Textual2019-15;T8;339;1158;384;1447;1;bookshelf OR woman;301+1196;1;person;0+1136+1137+1160+1196+1138+1139+1147+1149+1159+1183+1186+1172+1188+1140+1141+1142+1145+1148+1157+1168+1185+1143+1178+1187+1144+1173+1193+1150+1166+1151+1190+1175+1177+1191+1152+1180+1153+1164+1165+1154+1155+1174+1167+1184+1195+1170+1181+1156+1158+1161+1171+1194+1162+1163+1169+1176+1179+1182+1189+1192;0;0;0;0;0;0;on;off;Keyword;KW_1;1546962894788;1546963374828;1546963246991;FALSE;1546963213372;1546963213373;0.0009411
1546963220356;Textual2019-15;T8;417;1408;477;1763;1;bookshelf OR woman OR dress;301+1196+445;1;person;0+1136+1137+1160+1196+1138+1139+1147+1149+1159+1183+1186+1172+1188+1140+1141+1142+1145+1148+1157+1168+1185+1143+1178+1187+1144+1173+1193+1150+1166+1151+1190+1175+1177+1191+1152+1180+1153+1164+1165+1154+1155+1174+1167+1184+1195+1170+1181+1156+1158+1161+1171+1194+1162+1163+1169+1176+1179+1182+1189+1192;0;0;0;0;0;0;on;off;Keyword;KW_1;1546962894788;1546963374828;1546963246991;FALSE;1546963220420;1546963220421;0.0009624
1546963223101;Textual2019-15;T8;25;69;31;78;3;bookshelf AND woman AND dress;301|1196|445;1;person;0+1136+1137+1160+1196+1138+1139+1147+1149+1159+1183+1186+1172+1188+1140+1141+1142+1145+1148+1157+1168+1185+1143+1178+1187+1144+1173+1193+1150+1166+1151+1190+1175+1177+1191+1152+1180+1153+1164+1165+1154+1155+1174+1167+1184+1195+1170+1181+1156+1158+1161+1171+1194+1162+1163+1169+1176+1179+1182+1189+1192;0;0;0;0;0;0;on;off;Keyword;;1546962894788;1546963374828;1546963246991;FALSE;;;
1546963229169;Textual2019-15;T8;56;216;64;248;3;bookshelf AND woman AND dress;301|1196|445;1;person;0+1136+1137+1160+1196+1138+1139+1147+1149+1159+1183+1186+1172+1188+1140+1141+1142+1145+1148+1157+1168+1185+1143+1178+1187+1144+1173+1193+1150+1166+1151+1190+1175+1177+1191+1152+1180+1153+1164+1165+1154+1155+1174+1167+1184+1195+1170+1181+1156+1158+1161+1171+1194+1162+1163+1169+1176+1179+1182+1189+1192;0;0;0;0;0;0;off;off;Keyword;Semantic_1;1546962894788;1546963374828;1546963246991;FALSE;1546963229213;1546963229213;0
1546963287951;Textual2019-15;T8;8902;8902;444066;444122;0;;;0;;;0;0;0;0;0;0;off;off;None;KW_1|KW_2;1546962894788;1546963374828;1546963246991;TRUE;1546963287994;1546963287995;0.0009376
1546963369279;Textual2019-15;T8;8902;8902;444066;444122;0;;;0;;;0;0;0;0;0;0;off;off;None;;1546962894788;1546963374828;1546963246991;TRUE;1546963369313;1546963369316;0.0029294
1547043535318;Visual2019-25;V6;1033;-1;1754;-1;1;steering wheel;800;0;;;0;0;0;0;0;0;off;off;Keyword;KW_1;1547043528808;1547043829009;NA;NA;1547043535373;1547043535374;0.0009573
1547043541174;Visual2019-25;V6;357;-1;434;-1;1;steering wheel;800;1;beach;1097;0;0;0;0;0;0;off;off;Keyword;KW_2;1547043528808;1547043829009;NA;NA;1547043541235;1547043541236;0.0009778
1547043574484;Visual2019-25;V6;635;-1;885;-1;1;steering wheel;800;1;beach OR motorcycle;1097+616;0;0;0;0;0;0;off;off;Keyword;KW_2;1547043528808;1547043829009;NA;NA;1547043574547;1547043574548;0.0009383
1547043625237;Visual2019-25;V6;603;-1;841;-1;1;steering wheel;800;1;beach OR motorcycle;1097+616;0;0;0;0;0;0;off;off;Keyword;;1547043528808;1547043829009;NA;NA;1547043625297;1547043625298;0.0009774
1547043626023;Visual2019-25;V6;2044;-1;2454;-1;1;steering wheel;800;1;beach OR motorcycle;1097+616;0;0;0;0;0;0;off;off;Keyword;;1547043528808;1547043829009;NA;NA;1547043626075;1547043626076;0.000979
1547043627545;Visual2019-25;V6;2641;-1;3410;-1;1;steering wheel;800;1;beach OR motorcycle;1097+616;0;0;0;0;0;0;off;off;Keyword;;1547043528808;1547043829009;NA;NA;1547043627608;1547043627609;0.0009758
1547043629311;Visual2019-25;V6;2611;-1;3346;-1;1;steering wheel;800;1;beach OR motorcycle;1097+616;0;0;0;0;0;0;off;off;Keyword;;1547043528808;1547043829009;NA;NA;1547043629374;1547043629375;0.0009672
1547043630618;Visual2019-25;V6;557;-1;778;-1;1;steering wheel;800;1;beach OR motorcycle;1097+616;0;0;0;0;0;0;off;off;Keyword;;1547043528808;1547043829009;NA;NA;1547043630668;1547043630669;0.0009759
1547043640721;Visual2019-25;V6;679;-1;1077;10856;1;beach OR motorcycle;1097+616;1;steering wheel;800;0;0;0;0;0;0;off;off;Keyword;;1547043528808;1547043829009;NA;NA;;;
1547043645643;Visual2019-25;V6;423;1129;728;2039;1;beach OR motorcycle;1097+616;1;steering wheel;800;1;0;0;0;0;0;off;off;ColorSketch;Color_2;1547043528808;1547043829009;NA;NA;1547043645704;1547043645704;0
1547043648170;Visual2019-25;V6;41;471;46;619;1;beach OR motorcycle;1097+616;1;steering wheel;800;1;0;0;0;0;0;off;off;Keyword;Color_2;1547043528808;1547043829009;NA;NA;;;
1547043729940;Visual2019-25;V6;41;471;46;619;1;beach OR motorcycle;1097+616;1;steering wheel;800;1;0;0;0;0;0;off;off;Keyword;;1547043528808;1547043829009;NA;NA;1547043729999;1547043730000;0.0009517
1547043734374;Visual2019-25;V6;4828;-1;193695;194486;0;;;0;;;0;0;0;0;0;0;off;off;None;KW_1|KW_2|Color_2;1547043528808;1547043829009;NA;NA;1547043734406;1547043734408;0.0019489
1547043744177;Visual2019-25;V6;4828;-1;193695;194486;0;;;1;steering wheel;800;0;0;0;0;0;0;off;off;None;KW_1;1547043528808;1547043829009;NA;NA;1547043744237;1547043744237;0
1547043753967;Visual2019-25;V6;1577;-1;193694;194486;0;;;0;;;0;0;0;0;0;0;off;off;Keyword;KW_1;1547043528808;1547043829009;NA;NA;1547043753997;1547043756576;2.5784503
1547043756545;Visual2019-25;V6;1577;-1;193694;194486;0;;;0;;;0;0;0;0;0;0;off;off;None;;1547043528808;1547043829009;NA;NA;;;
1547043762878;Visual2019-25;V6;1033;-1;1754;-1;1;steering wheel;800;0;;;0;0;0;0;0;0;off;off;Keyword;KW_1;1547043528808;1547043829009;NA;NA;1547043762944;1547043762945;0.000966
1547043776238;Visual2019-25;V6;357;-1;434;-1;1;steering wheel;800;1;beach;1097;0;0;0;0;0;0;off;off;Keyword;KW_2;1547043528808;1547043829009;NA;NA;1547043776294;1547043776295;0.0009375
1547043781461;Visual2019-25;V6;36;-1;40;-1;1;steering wheel;800;1;beach;1097;0;1;0;0;0;0;off;off;Keyword;Color_2;1547043528808;1547043829009;NA;NA;;;
1547043782599;Visual2019-25;V6;38;-1;42;-1;1;steering wheel;800;1;beach;1097;0;1;0;0;0;0;off;off;Keyword;Color_2;1547043528808;1547043829009;NA;NA;1547043782654;1547043782655;0.0009774
1547043808803;Visual2019-25;V6;76;-1;95;-1;1;steering wheel;800;1;beach;1097;0;2;0;0;0;0;off;off;Keyword;Color_2;1547043528808;1547043829009;NA;NA;;;
1547044554367;Visual2019-24;V7;-1;-1;-1;-1;1;pylon;680;0;;;1;0;0;0;0;0;off;off;ColorSketch;Color_1;1547044541133;1547044841162;1547044714784;FALSE;1547044554419;1547044554420;0.0009767
1547044557734;Visual2019-24;V7;-1;-1;-1;-1;1;pylon;680;0;;;2;0;0;0;0;0;off;off;ColorSketch;Color_1;1547044541133;1547044841162;1547044714784;FALSE;1547044557798;1547044557798;0
1547044559232;Visual2019-24;V7;-1;-1;-1;-1;1;pylon;680;0;;;2;0;0;0;0;0;off;off;ColorSketch;Color_1;1547044541133;1547044841162;1547044714784;FALSE;1547044559296;1547044559296;0.0009664
1547044560321;Visual2019-24;V7;-1;-1;-1;-1;1;pylon;680;0;;;2;0;0;0;0;0;off;off;ColorSketch;Color_1;1547044541133;1547044841162;1547044714784;FALSE;1547044560372;1547044560373;0.0009762
1547044561630;Visual2019-24;V7;37;37;42;42;0;;;0;;;2;0;0;0;0;0;off;off;ColorSketch;KW_1;1547044541133;1547044841162;1547044714784;FALSE;1547044561685;1547044561686;0.0009636
1547044569421;Visual2019-24;V7;2329;-1;4265;-1;1;person;0+1136+1137+1160+1196+1138+1139+1147+1149+1159+1183+1186+1172+1188+1140+1141+1142+1145+1148+1157+1168+1185+1143+1178+1187+1144+1173+1193+1150+1166+1151+1190+1175+1177+1191+1152+1180+1153+1164+1165+1154+1155+1174+1167+1184+1195+1170+1181+1156+1158+1161+1171+1194+1162+1163+1169+1176+1179+1182+1189+1192;0;;;2;0;0;0;0;0;off;off;ColorSketch;KW_1|Color_1;1547044541133;1547044841162;1547044714784;FALSE;;;
1547044570776;Visual2019-24;V7;2527;-1;4664;-1;1;person;0+1136+1137+1160+1196+1138+1139+1147+1149+1159+1183+1186+1172+1188+1140+1141+1142+1145+1148+1157+1168+1185+1143+1178+1187+1144+1173+1193+1150+1166+1151+1190+1175+1177+1191+1152+1180+1153+1164+1165+1154+1155+1174+1167+1184+1195+1170+1181+1156+1158+1161+1171+1194+1162+1163+1169+1176+1179+1182+1189+1192;0;;;2;0;0;0;0;0;off;off;ColorSketch;Color_1;1547044541133;1547044841162;1547044714784;FALSE;1547044570827;1547044570828;0.0009779
1547044597672;Visual2019-24;V7;2074;-1;3847;-1;1;person;0+1136+1137+1160+1196+1138+1139+1147+1149+1159+1183+1186+1172+1188+1140+1141+1142+1145+1148+1157+1168+1185+1143+1178+1187+1144+1173+1193+1150+1166+1151+1190+1175+1177+1191+1152+1180+1153+1164+1165+1154+1155+1174+1167+1184+1195+1170+1181+1156+1158+1161+1171+1194+1162+1163+1169+1176+1179+1182+1189+1192;0;;;2;0;0;0;0;0;on;off;ColorSketch;Semantic_1;1547044541133;1547044841162;1547044714784;FALSE;;;
1547044617413;Visual2019-24;V7;1166;-1;1955;-1;1;person;0+1136+1137+1160+1196+1138+1139+1147+1149+1159+1183+1186+1172+1188+1140+1141+1142+1145+1148+1157+1168+1185+1143+1178+1187+1144+1173+1193+1150+1166+1151+1190+1175+1177+1191+1152+1180+1153+1164+1165+1154+1155+1174+1167+1184+1195+1170+1181+1156+1158+1161+1171+1194+1162+1163+1169+1176+1179+1182+1189+1192;1;woman;1196;2;0;0;0;0;0;on;off;ColorSketch;KW_2;1547044541133;1547044841162;1547044714784;FALSE;1547044617470;1547044617472;0.0019537
1547044639762;Visual2019-24;V7;128;-1;212;-1;1;person OR car OR truck OR go-kart OR motorcycle OR snowplow OR armored vehicle OR tractor OR camper OR locomotive OR snowmobile OR streetcar OR baby buggy OR barrow OR shopping cart OR bicycle OR car OR carriage OR skateboard OR wagon;0+1136+1137+1160+1196+1138+1139+1147+1149+1159+1183+1186+1172+1188+1140+1141+1142+1145+1148+1157+1168+1185+1143+1178+1187+1144+1173+1193+1150+1166+1151+1190+1175+1177+1191+1152+1180+1153+1164+1165+1154+1155+1174+1167+1184+1195+1170+1181+1156+1158+1161+1171+1194+1162+1163+1169+1176+1179+1182+1189+1192+341+227+322+557+792+858+453+474+498+651+867+662+849+851+507+616+777+240+828+848+319+333+588+776+810+249+266+754+284+342+347+764+876;1;woman;1196;2;0;0;0;0;0;on;off;Keyword;KW_1;1547044541133;1547044841162;1547044714784;FALSE;1547044639825;1547044639826;0.0009375
1547044644187;Visual2019-24;V7;536;-1;657;2279;2;person AND car OR truck OR go-kart OR motorcycle OR snowplow OR armored vehicle OR tractor OR camper OR locomotive OR snowmobile OR streetcar OR baby buggy OR barrow OR shopping cart OR bicycle OR car OR carriage OR skateboard OR wagon;0+1136+1137+1160+1196+1138+1139+1147+1149+1159+1183+1186+1172+1188+1140+1141+1142+1145+1148+1157+1168+1185+1143+1178+1187+1144+1173+1193+1150+1166+1151+1190+1175+1177+1191+1152+1180+1153+1164+1165+1154+1155+1174+1167+1184+1195+1170+1181+1156+1158+1161+1171+1194+1162+1163+1169+1176+1179+1182+1189+1192|341+227+322+557+792+858+453+474+498+651+867+662+849+851+507+616+777+240+828+848+319+333+588+776+810+249+266+754+284+342+347+764+876;1;woman;1196;2;0;0;0;0;0;on;off;ColorSketch;;1547044541133;1547044841162;1547044714784;FALSE;;;
1547044654984;Visual2019-24;V7;222;469;240;556;2;person AND car OR truck OR go-kart OR motorcycle OR snowplow OR armored vehicle OR tractor OR camper OR locomotive OR snowmobile OR streetcar OR baby buggy OR barrow OR shopping cart OR bicycle OR car OR carriage OR skateboard OR wagon;0+1136+1137+1160+1196+1138+1139+1147+1149+1159+1183+1186+1172+1188+1140+1141+1142+1145+1148+1157+1168+1185+1143+1178+1187+1144+1173+1193+1150+1166+1151+1190+1175+1177+1191+1152+1180+1153+1164+1165+1154+1155+1174+1167+1184+1195+1170+1181+1156+1158+1161+1171+1194+1162+1163+1169+1176+1179+1182+1189+1192|341+227+322+557+792+858+453+474+498+651+867+662+849+851+507+616+777+240+828+848+319+333+588+776+810+249+266+754+284+342+347+764+876;1;woman;1196;2;0;0;0;0;0;on;off;Semantic;Semantic_1;1547044541133;1547044841162;1547044714784;FALSE;1547044654985;1547044655093;0.1083736
1547044674211;Visual2019-24;V7;11;11;11;11;2;person AND car OR truck OR go-kart OR motorcycle OR snowplow OR armored vehicle OR tractor OR camper OR locomotive OR snowmobile OR streetcar OR baby buggy OR barrow OR shopping cart OR bicycle OR car OR carriage OR skateboard OR wagon;0+1136+1137+1160+1196+1138+1139+1147+1149+1159+1183+1186+1172+1188+1140+1141+1142+1145+1148+1157+1168+1185+1143+1178+1187+1144+1173+1193+1150+1166+1151+1190+1175+1177+1191+1152+1180+1153+1164+1165+1154+1155+1174+1167+1184+1195+1170+1181+1156+1158+1161+1171+1194+1162+1163+1169+1176+1179+1182+1189+1192|341+227+322+557+792+858+453+474+498+651+867+662+849+851+507+616+777+240+828+848+319+333+588+776+810+249+266+754+284+342+347+764+876;1;woman;1196;2;0;0;0;0;0;on;off;Semantic;Semantic_1;1547044541133;1547044841162;1547044714784;FALSE;1547044674212;1547044674214;0.0019553
1547044764232;Visual2019-24;V7;19182;-1;980920;981552;0;;;0;;;0;0;0;0;0;0;off;off;None;KW_1|Color_1|Semantic_1|KW_2;1547044541133;1547044841162;1547044714784;TRUE;1547044764266;1547044764269;0.0029299
1547044786997;Visual2019-24;V7;554;554;1043;1043;0;;;0;;;1;0;0;0;0;0;off;off;ColorSketch;Color_1;1547044541133;1547044841162;1547044714784;TRUE;;;
1547044788795;Visual2019-24;V7;21;21;21;21;0;;;0;;;2;0;0;0;0;0;off;off;ColorSketch;Color_1;1547044541133;1547044841162;1547044714784;TRUE;1547044788863;1547044788864;0.0009766
1547044794287;Visual2019-24;V7;1043;-1;1740;-1;0;;;1;woman;1196;2;0;0;0;0;0;off;off;ColorSketch;KW_2;1547044541133;1547044841162;1547044714784;TRUE;1547044794343;1547044794344;0.0009805
1547044817726;Visual2019-24;V7;1022;-1;1411;6736;1;car OR truck OR go-kart OR motorcycle OR snowplow OR armored vehicle OR tractor OR camper OR locomotive OR snowmobile OR streetcar OR baby buggy OR barrow OR shopping cart OR bicycle OR car OR carriage OR skateboard OR wagon;341+227+322+557+792+858+453+474+498+651+867+662+849+851+507+616+777+240+828+848+319+333+588+776+810+249+266+754+284+342+347+764+876;1;woman;1196;2;0;0;0;0;0;off;off;ColorSketch;KW_1;1547044541133;1547044841162;1547044714784;TRUE;;;
1547046102795;Visual2019-23;V8;12167;-1;755372;755396;0;;;0;;;0;0;0;0;0;0;off;off;None;KW_1;1547046111461;1547046411515;NA;NA;1547046102829;1547046102831;0.0019378
1547046128206;Visual2019-23;V8;9441;-1;126883;126883;0;;;1;guitar;515;0;0;0;0;0;0;off;off;None;KW_2;1547046111461;1547046411515;NA;NA;1547046128265;1547046128266;0.0009569
1547046133058;Visual2019-23;V8;160;-1;312;16427;1;person;0+1136+1137+1160+1196+1138+1139+1147+1149+1159+1183+1186+1172+1188+1140+1141+1142+1145+1148+1157+1168+1185+1143+1178+1187+1144+1173+1193+1150+1166+1151+1190+1175+1177+1191+1152+1180+1153+1164+1165+1154+1155+1174+1167+1184+1195+1170+1181+1156+1158+1161+1171+1194+1162+1163+1169+1176+1179+1182+1189+1192;1;guitar;515;0;0;0;0;0;0;off;off;Keyword;KW_1;1547046111461;1547046411515;NA;NA;1547046133110;1547046133110;0
1547046136414;Visual2019-23;V8;7137;7161;5235;5276;1;person;0+1136+1137+1160+1196+1138+1139+1147+1149+1159+1183+1186+1172+1188+1140+1141+1142+1145+1148+1157+1168+1185+1143+1178+1187+1144+1173+1193+1150+1166+1151+1190+1175+1177+1191+1152+1180+1153+1164+1165+1154+1155+1174+1167+1184+1195+1170+1181+1156+1158+1161+1171+1194+1162+1163+1169+1176+1179+1182+1189+1192;1;guitar;515;0;0;1;0;0;0;off;off;ColorSketch;Face_1;1547046111461;1547046411515;NA;NA;;;
1547046137640;Visual2019-23;V8;6244;6838;10302;10351;1;person;0+1136+1137+1160+1196+1138+1139+1147+1149+1159+1183+1186+1172+1188+1140+1141+1142+1145+1148+1157+1168+1185+1143+1178+1187+1144+1173+1193+1150+1166+1151+1190+1175+1177+1191+1152+1180+1153+1164+1165+1154+1155+1174+1167+1184+1195+1170+1181+1156+1158+1161+1171+1194+1162+1163+1169+1176+1179+1182+1189+1192;1;guitar;515;0;0;1;0;0;0;off;off;ColorSketch;Face_1;1547046111461;1547046411515;NA;NA;1547046137700;1547046137701;0.0009802
1547046162370;Visual2019-23;V8;-1;-1;-1;-1;1;person;0+1136+1137+1160+1196+1138+1139+1147+1149+1159+1183+1186+1172+1188+1140+1141+1142+1145+1148+1157+1168+1185+1143+1178+1187+1144+1173+1193+1150+1166+1151+1190+1175+1177+1191+1152+1180+1153+1164+1165+1154+1155+1174+1167+1184+1195+1170+1181+1156+1158+1161+1171+1194+1162+1163+1169+1176+1179+1182+1189+1192;1;guitar;515;0;0;1;0;0;0;off;off;ColorSketch;Face_1;1547046111461;1547046411515;NA;NA;;;
1547046164171;Visual2019-23;V8;-1;-1;-1;-1;1;person;0+1136+1137+1160+1196+1138+1139+1147+1149+1159+1183+1186+1172+1188+1140+1141+1142+1145+1148+1157+1168+1185+1143+1178+1187+1144+1173+1193+1150+1166+1151+1190+1175+1177+1191+1152+1180+1153+1164+1165+1154+1155+1174+1167+1184+1195+1170+1181+1156+1158+1161+1171+1194+1162+1163+1169+1176+1179+1182+1189+1192;1;guitar;515;0;0;1;0;0;0;on;off;Semantic;Semantic_1;1547046111461;1547046411515;NA;NA;1547046164236;1547046164237;0.000977
1547046173445;Visual2019-23;V8;132;-1;256;9462;1;person;0+1136+1137+1160+1196+1138+1139+1147+1149+1159+1183+1186+1172+1188+1140+1141+1142+1145+1148+1157+1168+1185+1143+1178+1187+1144+1173+1193+1150+1166+1151+1190+1175+1177+1191+1152+1180+1153+1164+1165+1154+1155+1174+1167+1184+1195+1170+1181+1156+1158+1161+1171+1194+1162+1163+1169+1176+1179+1182+1189+1192;1;guitar;515;0;0;0;0;0;0;on;off;Keyword;Face_1|Semantic_1;1547046111461;1547046411515;NA;NA;;;
1547046204780;Visual2019-23;V8;40;-1;70;-1;1;guitar;515;0;;;0;0;0;0;0;0;off;on;Keyword;KW_1;1547046111461;1547046411515;NA;NA;;;
1547046210764;Visual2019-23;V8;5372;-1;755372;755396;0;;;0;;;0;0;0;0;0;0;off;off;None;Semantic_1|KW_2;1547046111461;1547046411515;NA;NA;1547046210794;1547046210796;0.0019142
1547046214191;Visual2019-23;V8;-1;-1;-1;-1;0;;;1;person;0+1136+1137+1160+1196+1138+1139+1147+1149+1159+1183+1186+1172+1188+1140+1141+1142+1145+1148+1157+1168+1185+1143+1178+1187+1144+1173+1193+1150+1166+1151+1190+1175+1177+1191+1152+1180+1153+1164+1165+1154+1155+1174+1167+1184+1195+1170+1181+1156+1158+1161+1171+1194+1162+1163+1169+1176+1179+1182+1189+1192;0;0;0;0;0;0;off;off;None;KW_1;1547046111461;1547046411515;NA;NA;1547046214247;1547046214247;0.0009636
1547046217632;Visual2019-23;V8;144;-1;285;-1;1;guitar;515;1;person;0+1136+1137+1160+1196+1138+1139+1147+1149+1159+1183+1186+1172+1188+1140+1141+1142+1145+1148+1157+1168+1185+1143+1178+1187+1144+1173+1193+1150+1166+1151+1190+1175+1177+1191+1152+1180+1153+1164+1165+1154+1155+1174+1167+1184+1195+1170+1181+1156+1158+1161+1171+1194+1162+1163+1169+1176+1179+1182+1189+1192;0;0;0;0;0;0;off;off;Keyword;KW_2;1547046111461;1547046411515;NA;NA;1547046217692;1547046217692;0
1547046221359;Visual2019-23;V8;-1;-1;-1;-1;1;guitar;515;1;person;0+1136+1137+1160+1196+1138+1139+1147+1149+1159+1183+1186+1172+1188+1140+1141+1142+1145+1148+1157+1168+1185+1143+1178+1187+1144+1173+1193+1150+1166+1151+1190+1175+1177+1191+1152+1180+1153+1164+1165+1154+1155+1174+1167+1184+1195+1170+1181+1156+1158+1161+1171+1194+1162+1163+1169+1176+1179+1182+1189+1192;1;0;0;0;0;0;off;off;ColorSketch;Color_2;1547046111461;1547046411515;NA;NA;1547046221418;1547046221419;0.0009758
1547046229575;Visual2019-23;V8;263;1798;678;5195;1;person;0+1136+1137+1160+1196+1138+1139+1147+1149+1159+1183+1186+1172+1188+1140+1141+1142+1145+1148+1157+1168+1185+1143+1178+1187+1144+1173+1193+1150+1166+1151+1190+1175+1177+1191+1152+1180+1153+1164+1165+1154+1155+1174+1167+1184+1195+1170+1181+1156+1158+1161+1171+1194+1162+1163+1169+1176+1179+1182+1189+1192;1;guitar;515;0;1;0;0;0;0;off;off;Keyword;Color_2;1547046111461;1547046411515;NA;NA;;;
1547046234282;Visual2019-23;V8;7982;8014;17647;17669;1;person;0+1136+1137+1160+1196+1138+1139+1147+1149+1159+1183+1186+1172+1188+1140+1141+1142+1145+1148+1157+1168+1185+1143+1178+1187+1144+1173+1193+1150+1166+1151+1190+1175+1177+1191+1152+1180+1153+1164+1165+1154+1155+1174+1167+1184+1195+1170+1181+1156+1158+1161+1171+1194+1162+1163+1169+1176+1179+1182+1189+1192;1;guitar;515;0;1;0;0;0;0;off;off;None;;1547046111461;1547046411515;NA;NA;;;
1547046237716;Visual2019-23;V8;3705;3705;7483;7483;1;person;0+1136+1137+1160+1196+1138+1139+1147+1149+1159+1183+1186+1172+1188+1140+1141+1142+1145+1148+1157+1168+1185+1143+1178+1187+1144+1173+1193+1150+1166+1151+1190+1175+1177+1191+1152+1180+1153+1164+1165+1154+1155+1174+1167+1184+1195+1170+1181+1156+1158+1161+1171+1194+1162+1163+1169+1176+1179+1182+1189+1192;1;guitar;515;0;1;1;0;0;0;off;off;ColorSketch;Face_1;1547046111461;1547046411515;NA;NA;;;
1547046241077;Visual2019-23;V8;-1;-1;-1;-1;1;person;0+1136+1137+1160+1196+1138+1139+1147+1149+1159+1183+1186+1172+1188+1140+1141+1142+1145+1148+1157+1168+1185+1143+1178+1187+1144+1173+1193+1150+1166+1151+1190+1175+1177+1191+1152+1180+1153+1164+1165+1154+1155+1174+1167+1184+1195+1170+1181+1156+1158+1161+1171+1194+1162+1163+1169+1176+1179+1182+1189+1192;1;guitar;515;0;1;1;0;0;0;off;off;ColorSketch;Face_1;1547046111461;1547046411515;NA;NA;1547046241143;1547046241144;0.0009767
1547046242788;Visual2019-23;V8;-1;-1;-1;-1;1;person;0+1136+1137+1160+1196+1138+1139+1147+1149+1159+1183+1186+1172+1188+1140+1141+1142+1145+1148+1157+1168+1185+1143+1178+1187+1144+1173+1193+1150+1166+1151+1190+1175+1177+1191+1152+1180+1153+1164+1165+1154+1155+1174+1167+1184+1195+1170+1181+1156+1158+1161+1171+1194+1162+1163+1169+1176+1179+1182+1189+1192;1;guitar;515;0;1;1;0;0;0;off;off;ColorSketch;Face_1;1547046111461;1547046411515;NA;NA;1547046242843;1547046242844;0.0009794
1547046247232;Visual2019-23;V8;-1;-1;-1;-1;1;person;0+1136+1137+1160+1196+1138+1139+1147+1149+1159+1183+1186+1172+1188+1140+1141+1142+1145+1148+1157+1168+1185+1143+1178+1187+1144+1173+1193+1150+1166+1151+1190+1175+1177+1191+1152+1180+1153+1164+1165+1154+1155+1174+1167+1184+1195+1170+1181+1156+1158+1161+1171+1194+1162+1163+1169+1176+1179+1182+1189+1192;1;guitar;515;0;1;1;0;0;0;off;off;ColorSketch;Face_1;1547046111461;1547046411515;NA;NA;;;
1547046265788;Visual2019-23;V8;-1;-1;-1;-1;1;person;0+1136+1137+1160+1196+1138+1139+1147+1149+1159+1183+1186+1172+1188+1140+1141+1142+1145+1148+1157+1168+1185+1143+1178+1187+1144+1173+1193+1150+1166+1151+1190+1175+1177+1191+1152+1180+1153+1164+1165+1154+1155+1174+1167+1184+1195+1170+1181+1156+1158+1161+1171+1194+1162+1163+1169+1176+1179+1182+1189+1192;1;guitar;515;0;1;1;0;0;0;off;off;ColorSketch;;1547046111461;1547046411515;NA;NA;1547046265788;1547046265789;0.0009754
1547046285261;Visual2019-23;V8;-1;-1;-1;-1;1;person;0+1136+1137+1160+1196+1138+1139+1147+1149+1159+1183+1186+1172+1188+1140+1141+1142+1145+1148+1157+1168+1185+1143+1178+1187+1144+1173+1193+1150+1166+1151+1190+1175+1177+1191+1152+1180+1153+1164+1165+1154+1155+1174+1167+1184+1195+1170+1181+1156+1158+1161+1171+1194+1162+1163+1169+1176+1179+1182+1189+1192;1;guitar;515;0;1;1;0;0;0;off;off;ColorSketch;Face_1;1547046111461;1547046411515;NA;NA;1547046285312;1547046285319;0.006836
1547046295937;Visual2019-23;V8;3862;-1;755372;755396;0;;;0;;;0;0;0;0;0;0;off;off;None;KW_1|Face_1|KW_2|Color_2;1547046111461;1547046411515;NA;NA;1547046295966;1547046295978;0.0117183
1547046309535;Visual2019-23;V8;12208;-1;41043;78976;1;person;0+1136+1137+1160+1196+1138+1139+1147+1149+1159+1183+1186+1172+1188+1140+1141+1142+1145+1148+1157+1168+1185+1143+1178+1187+1144+1173+1193+1150+1166+1151+1190+1175+1177+1191+1152+1180+1153+1164+1165+1154+1155+1174+1167+1184+1195+1170+1181+1156+1158+1161+1171+1194+1162+1163+1169+1176+1179+1182+1189+1192;0;;;0;0;0;0;0;0;off;off;Keyword;KW_1;1547046111461;1547046411515;NA;NA;1547046309595;1547046309595;0
1547046313078;Visual2019-23;V8;194;-1;312;16427;1;person;0+1136+1137+1160+1196+1138+1139+1147+1149+1159+1183+1186+1172+1188+1140+1141+1142+1145+1148+1157+1168+1185+1143+1178+1187+1144+1173+1193+1150+1166+1151+1190+1175+1177+1191+1152+1180+1153+1164+1165+1154+1155+1174+1167+1184+1195+1170+1181+1156+1158+1161+1171+1194+1162+1163+1169+1176+1179+1182+1189+1192;1;guitar;515;0;0;0;0;0;0;off;off;Keyword;KW_2;1547046111461;1547046411515;NA;NA;1547046313137;1547046313138;0.0009636
1547046320969;Visual2019-23;V8;7146;7263;23010;23026;1;person;0+1136+1137+1160+1196+1138+1139+1147+1149+1159+1183+1186+1172+1188+1140+1141+1142+1145+1148+1157+1168+1185+1143+1178+1187+1144+1173+1193+1150+1166+1151+1190+1175+1177+1191+1152+1180+1153+1164+1165+1154+1155+1174+1167+1184+1195+1170+1181+1156+1158+1161+1171+1194+1162+1163+1169+1176+1179+1182+1189+1192;1;guitar;515;0;0;1;0;0;0;off;off;ColorSketch;Face_1;1547046111461;1547046411515;NA;NA;1547046321029;1547046321029;0
1547046328229;Visual2019-23;V8;127;3420;194;6810;1;person;0+1136+1137+1160+1196+1138+1139+1147+1149+1159+1183+1186+1172+1188+1140+1141+1142+1145+1148+1157+1168+1185+1143+1178+1187+1144+1173+1193+1150+1166+1151+1190+1175+1177+1191+1152+1180+1153+1164+1165+1154+1155+1174+1167+1184+1195+1170+1181+1156+1158+1161+1171+1194+1162+1163+1169+1176+1179+1182+1189+1192;1;guitar;515;0;0;1;0;0;0;off;off;Keyword;Face_1;1547046111461;1547046411515;NA;NA;;;
1547046339618;Visual2019-23;V8;6731;6741;24845;25048;1;person;0+1136+1137+1160+1196+1138+1139+1147+1149+1159+1183+1186+1172+1188+1140+1141+1142+1145+1148+1157+1168+1185+1143+1178+1187+1144+1173+1193+1150+1166+1151+1190+1175+1177+1191+1152+1180+1153+1164+1165+1154+1155+1174+1167+1184+1195+1170+1181+1156+1158+1161+1171+1194+1162+1163+1169+1176+1179+1182+1189+1192;1;guitar;515;0;0;2;0;0;0;off;off;ColorSketch;Face_1;1547046111461;1547046411515;NA;NA;;;
1547046363233;Visual2019-23;V8;9196;9196;4618;4643;1;person;0+1136+1137+1160+1196+1138+1139+1147+1149+1159+1183+1186+1172+1188+1140+1141+1142+1145+1148+1157+1168+1185+1143+1178+1187+1144+1173+1193+1150+1166+1151+1190+1175+1177+1191+1152+1180+1153+1164+1165+1154+1155+1174+1167+1184+1195+1170+1181+1156+1158+1161+1171+1194+1162+1163+1169+1176+1179+1182+1189+1192;1;guitar;515;0;0;2;0;0;0;off;off;ColorSketch;Face_1;1547046111461;1547046411515;NA;NA;;;
1547046378695;Visual2019-23;V8;5040;5075;4618;4643;1;person;0+1136+1137+1160+1196+1138+1139+1147+1149+1159+1183+1186+1172+1188+1140+1141+1142+1145+1148+1157+1168+1185+1143+1178+1187+1144+1173+1193+1150+1166+1151+1190+1175+1177+1191+1152+1180+1153+1164+1165+1154+1155+1174+1167+1184+1195+1170+1181+1156+1158+1161+1171+1194+1162+1163+1169+1176+1179+1182+1189+1192;1;guitar;515;0;0;2;0;0;0;off;off;ColorSketch;;1547046111461;1547046411515;NA;NA;1547046378696;1547046378696;0
1547046405097;Visual2019-23;V8;6396;6418;21835;21933;0;;;1;guitar;515;0;0;2;0;0;0;off;off;ColorSketch;KW_1;1547046111461;1547046411515;NA;NA;1547046405152;1547046405153;0.000938
1547048961587;Visual2019-22;V9;3408;-1;5226;5241;0;;;0;;;0;0;0;0;0;0;off;off;None;KW_1|Color_1|Face_1;1547048951989;1547049252051;NA;NA;1547048961901;1547048961901;0
1547048969633;Visual2019-22;V9;339;-1;719;4161;1;person;0+1136+1137+1160+1196+1138+1139+1147+1149+1159+1183+1186+1172+1188+1140+1141+1142+1145+1148+1157+1168+1185+1143+1178+1187+1144+1173+1193+1150+1166+1151+1190+1175+1177+1191+1152+1180+1153+1164+1165+1154+1155+1174+1167+1184+1195+1170+1181+1156+1158+1161+1171+1194+1162+1163+1169+1176+1179+1182+1189+1192;0;;;0;0;0;0;0;0;off;off;Keyword;KW_1;1547048951989;1547049252051;NA;NA;1547048969691;1547048969692;0.0009735
1547048974808;Visual2019-22;V9;28;84;38;109;1;person;0+1136+1137+1160+1196+1138+1139+1147+1149+1159+1183+1186+1172+1188+1140+1141+1142+1145+1148+1157+1168+1185+1143+1178+1187+1144+1173+1193+1150+1166+1151+1190+1175+1177+1191+1152+1180+1153+1164+1165+1154+1155+1174+1167+1184+1195+1170+1181+1156+1158+1161+1171+1194+1162+1163+1169+1176+1179+1182+1189+1192;1;street;808+224;0;0;0;0;0;0;off;off;Keyword;KW_2;1547048951989;1547049252051;NA;NA;1547048974860;1547048974860;0
1547048983719;Visual2019-22;V9;1049;1049;4256;4401;1;person;0+1136+1137+1160+1196+1138+1139+1147+1149+1159+1183+1186+1172+1188+1140+1141+1142+1145+1148+1157+1168+1185+1143+1178+1187+1144+1173+1193+1150+1166+1151+1190+1175+1177+1191+1152+1180+1153+1164+1165+1154+1155+1174+1167+1184+1195+1170+1181+1156+1158+1161+1171+1194+1162+1163+1169+1176+1179+1182+1189+1192;1;street;808+224;0;0;1;0;0;0;off;off;ColorSketch;Face_1;1547048951989;1547049252051;NA;NA;1547048983792;1547048983793;0.000979
1547048985012;Visual2019-22;V9;791;791;327;569;1;person;0+1136+1137+1160+1196+1138+1139+1147+1149+1159+1183+1186+1172+1188+1140+1141+1142+1145+1148+1157+1168+1185+1143+1178+1187+1144+1173+1193+1150+1166+1151+1190+1175+1177+1191+1152+1180+1153+1164+1165+1154+1155+1174+1167+1184+1195+1170+1181+1156+1158+1161+1171+1194+1162+1163+1169+1176+1179+1182+1189+1192;1;street;808+224;0;0;2;0;0;0;off;off;ColorSketch;Face_1;1547048951989;1547049252051;NA;NA;1547048985075;1547048985077;0.0019548
1547049050459;Visual2019-22;V9;9055;-1;744796;745114;0;;;0;;;0;0;0;0;0;0;off;off;None;KW_1|Face_1|KW_2;1547048951989;1547049252051;NA;NA;1547049050481;1547049050483;0.0019524
1547049272064;Visual2019-21;V10;5503;-1;844042;844074;0;;;0;;;0;0;0;0;0;0;off;off;None;;1547049281939;1547049582036;1547049434928;FALSE;1547049272095;1547049272096;0.0019379
1547049298446;Visual2019-21;V10;11006;12341;65054;87413;1;person;0+1136+1137+1160+1196+1138+1139+1147+1149+1159+1183+1186+1172+1188+1140+1141+1142+1145+1148+1157+1168+1185+1143+1178+1187+1144+1173+1193+1150+1166+1151+1190+1175+1177+1191+1152+1180+1153+1164+1165+1154+1155+1174+1167+1184+1195+1170+1181+1156+1158+1161+1171+1194+1162+1163+1169+1176+1179+1182+1189+1192;0;;;0;0;0;0;0;0;off;off;Keyword;KW_1;1547049281939;1547049582036;1547049434928;FALSE;1547049298497;1547049298498;0.0009636
1547049301782;Visual2019-21;V10;2458;-1;6150;-1;1;person;0+1136+1137+1160+1196+1138+1139+1147+1149+1159+1183+1186+1172+1188+1140+1141+1142+1145+1148+1157+1168+1185+1143+1178+1187+1144+1173+1193+1150+1166+1151+1190+1175+1177+1191+1152+1180+1153+1164+1165+1154+1155+1174+1167+1184+1195+1170+1181+1156+1158+1161+1171+1194+1162+1163+1169+1176+1179+1182+1189+1192;0;;;1;0;0;0;0;0;off;off;ColorSketch;Color_1;1547049281939;1547049582036;1547049434928;FALSE;1547049301844;1547049301844;0
1547049304984;Visual2019-21;V10;2556;-1;5614;-1;1;person;0+1136+1137+1160+1196+1138+1139+1147+1149+1159+1183+1186+1172+1188+1140+1141+1142+1145+1148+1157+1168+1185+1143+1178+1187+1144+1173+1193+1150+1166+1151+1190+1175+1177+1191+1152+1180+1153+1164+1165+1154+1155+1174+1167+1184+1195+1170+1181+1156+1158+1161+1171+1194+1162+1163+1169+1176+1179+1182+1189+1192;0;;;2;0;0;0;0;0;off;off;ColorSketch;Color_1;1547049281939;1547049582036;1547049434928;FALSE;1547049305044;1547049305045;0.000979
1547049331370;Visual2019-21;V10;11006;12341;65054;87413;1;person;0+1136+1137+1160+1196+1138+1139+1147+1149+1159+1183+1186+1172+1188+1140+1141+1142+1145+1148+1157+1168+1185+1143+1178+1187+1144+1173+1193+1150+1166+1151+1190+1175+1177+1191+1152+1180+1153+1164+1165+1154+1155+1174+1167+1184+1195+1170+1181+1156+1158+1161+1171+1194+1162+1163+1169+1176+1179+1182+1189+1192;0;;;0;0;0;0;0;0;off;off;Keyword;Color_1;1547049281939;1547049582036;1547049434928;FALSE;;;
1547049332229;Visual2019-21;V10;5503;-1;844042;844074;0;;;0;;;0;0;0;0;0;0;off;off;None;KW_1;1547049281939;1547049582036;1547049434928;FALSE;1547049332280;1547049332281;0.000977
1547049334353;Visual2019-21;V10;4489;4489;11305;11305;1;vehicle;869+214+219+218+298+472+558+675+881+504+529+221+259+539+746+215+274+431+491+812+345+421+747+799+901+297+338+709+471+543+577+790+859+722+903+545+784+610+828+341+227+322+557+792+858+453+474+498+651+867+662+849+851+507+616+777+240+848+319+333+588+776+810+249+266+754+284+342+347+764+876+440+612;0;;;0;0;0;0;0;0;off;off;Keyword;KW_1;1547049281939;1547049582036;1547049434928;FALSE;1547049334404;1547049334405;0.0009671
1547049344475;Visual2019-21;V10;4216;4216;9272;9272;1;vehicle;869+214+219+218+298+472+558+675+881+504+529+221+259+539+746+215+274+431+491+812+345+421+747+799+901+297+338+709+471+543+577+790+859+722+903+545+784+610+828+341+227+322+557+792+858+453+474+498+651+867+662+849+851+507+616+777+240+848+319+333+588+776+810+249+266+754+284+342+347+764+876+440+612;0;;;1;0;0;0;0;0;off;off;Keyword;Color_1;1547049281939;1547049582036;1547049434928;FALSE;;;
1547049348018;Visual2019-21;V10;901;901;1421;1421;1;vehicle;869+214+219+218+298+472+558+675+881+504+529+221+259+539+746+215+274+431+491+812+345+421+747+799+901+297+338+709+471+543+577+790+859+722+903+545+784+610+828+341+227+322+557+792+858+453+474+498+651+867+662+849+851+507+616+777+240+848+319+333+588+776+810+249+266+754+284+342+347+764+876+440+612;0;;;1;0;0;0;0;0;on;off;Semantic;Semantic_1;1547049281939;1547049582036;1547049434928;FALSE;1547049348081;1547049348082;0.000975
1547049353586;Visual2019-21;V10;242;242;302;302;1;vehicle;869+214+219+218+298+472+558+675+881+504+529+221+259+539+746+215+274+431+491+812+345+421+747+799+901+297+338+709+471+543+577+790+859+722+903+545+784+610+828+341+227+322+557+792+858+453+474+498+651+867+662+849+851+507+616+777+240+848+319+333+588+776+810+249+266+754+284+342+347+764+876+440+612;0;;;2;0;0;0;0;0;on;off;ColorSketch;Color_1;1547049281939;1547049582036;1547049434928;FALSE;1547049353642;1547049353643;0.0009826
1547049370283;Visual2019-21;V10;1433;1433;2551;2551;1;vehicle;869+214+219+218+298+472+558+675+881+504+529+221+259+539+746+215+274+431+491+812+345+421+747+799+901+297+338+709+471+543+577+790+859+722+903+545+784+610+828+341+227+322+557+792+858+453+474+498+651+867+662+849+851+507+616+777+240+848+319+333+588+776+810+249+266+754+284+342+347+764+876+440+612;0;;;1;0;0;0;0;0;on;off;ColorSketch;Color_1;1547049281939;1547049582036;1547049434928;FALSE;;;
1547049374140;Visual2019-21;V10;2240;2240;4519;4519;1;vehicle;869+214+219+218+298+472+558+675+881+504+529+221+259+539+746+215+274+431+491+812+345+421+747+799+901+297+338+709+471+543+577+790+859+722+903+545+784+610+828+341+227+322+557+792+858+453+474+498+651+867+662+849+851+507+616+777+240+848+319+333+588+776+810+249+266+754+284+342+347+764+876+440+612;0;;;1;0;0;0;0;0;on;off;Keyword;Color_1;1547049281939;1547049582036;1547049434928;FALSE;;;
1547049387653;Visual2019-21;V10;155;155;205;205;1;vehicle;869+214+219+218+298+472+558+675+881+504+529+221+259+539+746+215+274+431+491+812+345+421+747+799+901+297+338+709+471+543+577+790+859+722+903+545+784+610+828+341+227+322+557+792+858+453+474+498+651+867+662+849+851+507+616+777+240+848+319+333+588+776+810+249+266+754+284+342+347+764+876+440+612;0;;;1;0;0;0;0;0;on;off;Semantic;Semantic_1;1547049281939;1547049582036;1547049434928;FALSE;1547049387704;1547049387705;0.0009814
1547049423137;Visual2019-21;V10;6;84;7;111;1;vehicle;869+214+219+218+298+472+558+675+881+504+529+221+259+539+746+215+274+431+491+812+345+421+747+799+901+297+338+709+471+543+577+790+859+722+903+545+784+610+828+341+227+322+557+792+858+453+474+498+651+867+662+849+851+507+616+777+240+848+319+333+588+776+810+249+266+754+284+342+347+764+876+440+612;0;;;2;0;0;0;0;0;on;off;Semantic;Color_1;1547049281939;1547049582036;1547049434928;FALSE;;;
1547049476933;Visual2019-21;V10;2666;2717;6151;6232;1;vehicle;869+214+219+218+298+472+558+675+881+504+529+221+259+539+746+215+274+431+491+812+345+421+747+799+901+297+338+709+471+543+577+790+859+722+903+545+784+610+828+341+227+322+557+792+858+453+474+498+651+867+662+849+851+507+616+777+240+848+319+333+588+776+810+249+266+754+284+342+347+764+876+440+612;0;;;2;0;0;0;0;0;off;off;None;Semantic_1;1547049281939;1547049582036;1547049434928;TRUE;;;
1547049483914;Visual2019-21;V10;3957;3957;9303;9303;1;vehicle;869+214+219+218+298+472+558+675+881+504+529+221+259+539+746+215+274+431+491+812+345+421+747+799+901+297+338+709+471+543+577+790+859+722+903+545+784+610+828+341+227+322+557+792+858+453+474+498+651+867+662+849+851+507+616+777+240+848+319+333+588+776+810+249+266+754+284+342+347+764+876+440+612;0;;;1;0;0;0;0;0;off;off;Keyword;Color_1;1547049281939;1547049582036;1547049434928;TRUE;;;
1547049500701;Visual2019-21;V10;5503;-1;844042;844074;0;;;0;;;0;0;0;0;0;0;off;off;None;KW_1|Color_1;1547049281939;1547049582036;1547049434928;TRUE;1547049500733;1547049500734;0.0009384
1547049564284;Visual2019-21;V10;139;139;174;174;1;hay;1009;0;;;0;0;0;0;0;0;off;off;Keyword;KW_1;1547049281939;1547049582036;1547049434928;TRUE;1547049564344;1547049564345;0.000981
1547049568697;Visual2019-21;V10;-1;-1;-1;-1;1;hay;1009;0;;;1;0;0;0;0;0;off;off;ColorSketch;Color_1;1547049281939;1547049582036;1547049434928;TRUE;1547049568749;1547049568750;0.000977
1547049577446;Visual2019-21;V10;-1;-1;-1;-1;1;hay;1009;0;;;1;0;0;0;0;0;off;off;ColorSketch;Color_1;1547049281939;1547049582036;1547049434928;TRUE;1547049577497;1547049577498;0.0009648
1547049579054;Visual2019-21;V10;-1;-1;-1;-1;1;hay;1009;0;;;1;0;0;0;0;0;off;off;ColorSketch;Color_1;1547049281939;1547049582036;1547049434928;TRUE;1547049579108;1547049579109;0.0009589
1547049580219;Visual2019-21;V10;-1;-1;-1;-1;1;hay;1009;0;;;1;0;0;0;0;0;off;off;ColorSketch;Color_1;1547049281939;1547049582036;1547049434928;TRUE;1547049580278;1547049580279;0.000964
1547049982898;Visual2019-10N;V1N;14425;-1;111968;112093;0;;;0;;;0;0;0;0;0;0;off;off;None;;1547050002075;1547050302130;NA;NA;;;
1547050006536;Visual2019-10N;V1N;16;-1;20;115;1;dog;119+35+120+121+122+123+124+125+126+127+128+129+130+131+132;0;;;0;0;0;0;0;0;off;off;Keyword;KW_1;1547050002075;1547050302130;NA;NA;1547050006592;1547050006593;0.0009806
1547050012788;Visual2019-10N;V1N;690;-1;897;33470;1;dog;119+35+120+121+122+123+124+125+126+127+128+129+130+131+132;0;;;1;0;0;0;0;0;off;off;ColorSketch;Color_1;1547050002075;1547050302130;NA;NA;1547050012844;1547050012845;0.0009758
1547050016737;Visual2019-10N;V1N;22;-1;22;-1;1;dog;119+35+120+121+122+123+124+125+126+127+128+129+130+131+132;0;;;1;0;0;0;0;0;off;off;Keyword;Color_1;1547050002075;1547050302130;NA;NA;;;
1547050070887;Visual2019-10N;V1N;29;-1;29;-1;1;dog;119+35+120+121+122+123+124+125+126+127+128+129+130+131+132;0;;;1;0;1;0;0;0;off;off;Keyword;Face_1;1547050002075;1547050302130;NA;NA;;;
1547050094530;Visual2019-10N;V1N;3;3;3;3;1;dog;119+35+120+121+122+123+124+125+126+127+128+129+130+131+132;0;;;1;0;1;0;0;0;off;off;Keyword;Color_1;1547050002075;1547050302130;NA;NA;;;
1547050108425;Visual2019-10N;V1N;284;284;344;344;1;dog;119+35+120+121+122+123+124+125+126+127+128+129+130+131+132;0;;;1;0;1;0;0;0;off;off;ColorSketch;Color_1;1547050002075;1547050302130;NA;NA;1547050108481;1547050108482;0.0009372
1547050150533;Visual2019-10N;V1N;254;254;396;396;1;dog;119+35+120+121+122+123+124+125+126+127+128+129+130+131+132;0;;;1;0;1;0;0;0;off;off;ColorSketch;Color_1;1547050002075;1547050302130;NA;NA;;;
1547050158104;Visual2019-10N;V1N;26;2707;30;3777;1;dog;119+35+120+121+122+123+124+125+126+127+128+129+130+131+132;0;;;1;0;1;0;0;0;off;off;Keyword;Face_1;1547050002075;1547050302130;NA;NA;;;
1547050167675;Visual2019-10N;V1N;26;3655;30;6144;1;dog OR woman;119+35+120+121+122+123+124+125+126+127+128+129+130+131+132+1196;0;;;1;0;1;0;0;0;off;off;Keyword;KW_1;1547050002075;1547050302130;NA;NA;1547050167734;1547050167735;0.0009565
1547050184168;Visual2019-10N;V1N;205;205;274;274;2;dog AND woman;119+35+120+121+122+123+124+125+126+127+128+129+130+131+132|1196;0;;;1;0;1;0;0;0;off;off;ColorSketch;;1547050002075;1547050302130;NA;NA;;;
1547050192302;Visual2019-10N;V1N;1583;1583;2054;2054;2;dog AND woman;119+35+120+121+122+123+124+125+126+127+128+129+130+131+132|1196;0;;;1;0;1;0;0;0;off;off;Keyword;Color_1;1547050002075;1547050302130;NA;NA;;;
1547050248597;Visual2019-10N;V1N;202;202;270;270;2;dog AND woman;119+35+120+121+122+123+124+125+126+127+128+129+130+131+132|1196;0;;;1;0;1;0;0;0;off;off;ColorSketch;Color_1;1547050002075;1547050302130;NA;NA;1547050248658;1547050248659;0.0009771
1547050253252;Visual2019-10N;V1N;1019;-1;1222;11597;2;dog AND woman;119+35+120+121+122+123+124+125+126+127+128+129+130+131+132|1196;0;;;0;0;1;0;0;0;off;off;Keyword;Color_1;1547050002075;1547050302130;NA;NA;;;
1547050260934;Visual2019-10N;V1N;1252;1344;8473;8473;2;dog AND woman;119+35+120+121+122+123+124+125+126+127+128+129+130+131+132|1196;0;;;0;0;1;0;0;0;off;off;ColorSketch;Face_1;1547050002075;1547050302130;NA;NA;1547050260998;1547050260999;0.000977
1547050265093;Visual2019-10N;V1N;8;8;8;8;1;dog;119+35+120+121+122+123+124+125+126+127+128+129+130+131+132;0;;;0;0;1;0;0;0;off;off;Keyword;KW_1;1547050002075;1547050302130;NA;NA;1547050265156;1547050265157;0.0009367
1547050275497;Visual2019-10N;V1N;190;190;260;260;1;dog OR person;119+35+120+121+122+123+124+125+126+127+128+129+130+131+132+0+1136+1137+1160+1196+1138+1139+1147+1149+1159+1183+1186+1172+1188+1140+1141+1142+1145+1148+1157+1168+1185+1143+1178+1187+1144+1173+1193+1150+1166+1151+1190+1175+1177+1191+1152+1180+1153+1164+1165+1154+1155+1174+1167+1184+1195+1170+1181+1156+1158+1161+1171+1194+1162+1163+1169+1176+1179+1182+1189+1192;0;;;0;0;1;0;0;0;off;off;Keyword;KW_1;1547050002075;1547050302130;NA;NA;1547050275561;1547050275561;0
1547050277753;Visual2019-10N;V1N;5103;6652;9078;13550;2;dog AND person;119+35+120+121+122+123+124+125+126+127+128+129+130+131+132|0+1136+1137+1160+1196+1138+1139+1147+1149+1159+1183+1186+1172+1188+1140+1141+1142+1145+1148+1157+1168+1185+1143+1178+1187+1144+1173+1193+1150+1166+1151+1190+1175+1177+1191+1152+1180+1153+1164+1165+1154+1155+1174+1167+1184+1195+1170+1181+1156+1158+1161+1171+1194+1162+1163+1169+1176+1179+1182+1189+1192;0;;;0;0;1;0;0;0;off;off;Keyword;;1547050002075;1547050302130;NA;NA;1547050277812;1547050277813;0.0009632
1547050290473;Visual2019-10N;V1N;-1;-1;-1;-1;2;dog AND person;119+35+120+121+122+123+124+125+126+127+128+129+130+131+132|0+1136+1137+1160+1196+1138+1139+1147+1149+1159+1183+1186+1172+1188+1140+1141+1142+1145+1148+1157+1168+1185+1143+1178+1187+1144+1173+1193+1150+1166+1151+1190+1175+1177+1191+1152+1180+1153+1164+1165+1154+1155+1174+1167+1184+1195+1170+1181+1156+1158+1161+1171+1194+1162+1163+1169+1176+1179+1182+1189+1192;0;;;1;0;1;0;0;0;off;off;Keyword;Color_1;1547050002075;1547050302130;NA;NA;;;
1547050335903;Visual2019-11N;V3N;13009;-1;475251;475339;0;;;0;;;0;0;0;0;0;0;off;off;None;KW_1|Color_1|Face_1;1547050340119;1547050640246;NA;NA;1547050335937;1547050335939;0.001913
1547050349005;Visual2019-11N;V3N;10250;10250;6832;6978;0;;;0;;;0;0;1;0;0;0;off;off;ColorSketch;Face_1;1547050340119;1547050640246;NA;NA;1547050349061;1547050349061;0
1547050351284;Visual2019-11N;V3N;5770;5770;42058;42058;0;;;0;;;0;0;2;0;0;0;off;off;ColorSketch;Face_1;1547050340119;1547050640246;NA;NA;1547050351340;1547050351342;0.0019517
1547050357848;Visual2019-11N;V3N;30;-1;814;-1;0;;;0;;;0;0;2;0;0;0;off;off;ColorSketch;;1547050340119;1547050640246;NA;NA;1547050357904;1547050357905;0.0009656
1547050368574;Visual2019-11N;V3N;5770;5770;42058;42058;0;;;0;;;0;0;2;0;0;0;off;off;ColorSketch;;1547050340119;1547050640246;NA;NA;1547050368625;1547050368626;0.0009632
1547050387808;Visual2019-11N;V3N;5578;5578;12880;12880;0;;;0;;;1;0;2;0;0;0;off;off;Keyword;Color_1;1547050340119;1547050640246;NA;NA;;;
1547050390673;Visual2019-11N;V3N;-1;-1;-1;-1;0;;;0;;;1;0;2;0;0;0;off;off;Keyword;;1547050340119;1547050640246;NA;NA;1547050390732;1547050390733;0.0009636
1547050391602;Visual2019-11N;V3N;30;-1;814;-1;0;;;0;;;0;0;2;0;0;0;off;off;ColorSketch;Color_1;1547050340119;1547050640246;NA;NA;1547050391657;1547050391659;0.0019529
1547050392818;Visual2019-11N;V3N;1780;1804;9926;10369;0;;;0;;;0;0;1;0;0;0;off;off;ColorSketch;Face_1;1547050340119;1547050640246;NA;NA;1547050392874;1547050392875;0.0009636
1547050457170;Visual2019-11N;V3N;40;-1;57;431;0;;;0;;;0;1;1;0;0;0;off;off;ColorSketch;Color_2;1547050340119;1547050640246;NA;NA;1547050457234;1547050457235;0.0009782
1547050467805;Visual2019-11N;V3N;1780;1804;9926;10369;0;;;0;;;0;0;1;0;0;0;off;off;ColorSketch;Color_2;1547050340119;1547050640246;NA;NA;1547050467856;1547050467857;0.000936
1547050482797;Visual2019-11N;V3N;-1;-1;-1;-1;0;;;0;;;0;1;1;0;0;0;off;off;ColorSketch;Color_2;1547050340119;1547050640246;NA;NA;;;
1547050631095;Visual2019-11N;V3N;1780;1804;9926;10369;0;;;0;;;0;0;1;0;0;0;off;off;ColorSketch;Color_2;1547050340119;1547050640246;NA;NA;;;
1547050756194;Visual2019-12N;V4N;2259;2259;124770;125356;0;;;0;;;0;0;1;0;0;0;off;off;ColorSketch;Face_1;1547050753168;1547051053300;NA;NA;1547050756251;1547050756251;0
1547050758596;Visual2019-12N;V4N;3695;3721;61329;61653;0;;;0;;;0;0;2;0;0;0;off;off;ColorSketch;Face_1;1547050753168;1547051053300;NA;NA;1547050758654;1547050758655;0.0009766
1547050776576;Visual2019-12N;V4N;3695;3721;61329;61653;0;;;1;door;442;0;0;2;0;0;0;off;off;ColorSketch;KW_2;1547050753168;1547051053300;NA;NA;1547050776639;1547050776639;0.0009414
1547050782642;Visual2019-12N;V4N;3695;3721;61329;61653;0;;;0;;;0;0;2;0;0;0;off;off;ColorSketch;KW_2;1547050753168;1547051053300;NA;NA;1547050782700;1547050782701;0.0009356
1547050795332;Visual2019-12N;V4N;3695;3721;61329;61653;0;;;1;coffee maker;381;0;0;2;0;0;0;off;off;ColorSketch;KW_2;1547050753168;1547051053300;NA;NA;1547050795388;1547050795388;0
1547050813800;Visual2019-12N;V4N;4929;-1;324500;324500;0;;;1;coffee maker;381;0;0;0;0;0;0;off;off;ColorSketch;Face_1;1547050753168;1547051053300;NA;NA;1547050813860;1547050832077;18.2169119
1547050832017;Visual2019-12N;V4N;4929;-1;324500;324500;0;;;1;coffee maker;381;0;0;0;0;0;0;off;off;None;;1547050753168;1547051053300;NA;NA;;;
1547050859370;Visual2019-12N;V4N;3843;4667;7703;10122;1;person;0+1136+1137+1160+1196+1138+1139+1147+1149+1159+1183+1186+1172+1188+1140+1141+1142+1145+1148+1157+1168+1185+1143+1178+1187+1144+1173+1193+1150+1166+1151+1190+1175+1177+1191+1152+1180+1153+1164+1165+1154+1155+1174+1167+1184+1195+1170+1181+1156+1158+1161+1171+1194+1162+1163+1169+1176+1179+1182+1189+1192;1;coffee maker;381;0;0;0;0;0;0;off;off;Keyword;KW_1;1547050753168;1547051053300;NA;NA;1547050859421;1547050859422;0.0009537
1547050862072;Visual2019-12N;V4N;4922;-1;65701;65950;1;person;0+1136+1137+1160+1196+1138+1139+1147+1149+1159+1183+1186+1172+1188+1140+1141+1142+1145+1148+1157+1168+1185+1143+1178+1187+1144+1173+1193+1150+1166+1151+1190+1175+1177+1191+1152+1180+1153+1164+1165+1154+1155+1174+1167+1184+1195+1170+1181+1156+1158+1161+1171+1194+1162+1163+1169+1176+1179+1182+1189+1192;1;coffee maker;381;0;0;1;0;0;0;off;off;ColorSketch;Face_1;1547050753168;1547051053300;NA;NA;1547050862124;1547050862125;0.0009746
1547050863437;Visual2019-12N;V4N;6221;-1;766;833;1;person;0+1136+1137+1160+1196+1138+1139+1147+1149+1159+1183+1186+1172+1188+1140+1141+1142+1145+1148+1157+1168+1185+1143+1178+1187+1144+1173+1193+1150+1166+1151+1190+1175+1177+1191+1152+1180+1153+1164+1165+1154+1155+1174+1167+1184+1195+1170+1181+1156+1158+1161+1171+1194+1162+1163+1169+1176+1179+1182+1189+1192;1;coffee maker;381;0;0;2;0;0;0;off;off;ColorSketch;Face_1;1547050753168;1547051053300;NA;NA;1547050863500;1547050863501;0.0009774
1547050878203;Visual2019-12N;V4N;3575;-1;51089;51633;1;person;0+1136+1137+1160+1196+1138+1139+1147+1149+1159+1183+1186+1172+1188+1140+1141+1142+1145+1148+1157+1168+1185+1143+1178+1187+1144+1173+1193+1150+1166+1151+1190+1175+1177+1191+1152+1180+1153+1164+1165+1154+1155+1174+1167+1184+1195+1170+1181+1156+1158+1161+1171+1194+1162+1163+1169+1176+1179+1182+1189+1192;1;coffee maker;381;0;0;2;0;0;0;off;off;ColorSketch;Face_1;1547050753168;1547051053300;NA;NA;1547050878263;1547050878265;0.0019588
1547050892354;Visual2019-12N;V4N;4893;-1;59017;59852;1;person;0+1136+1137+1160+1196+1138+1139+1147+1149+1159+1183+1186+1172+1188+1140+1141+1142+1145+1148+1157+1168+1185+1143+1178+1187+1144+1173+1193+1150+1166+1151+1190+1175+1177+1191+1152+1180+1153+1164+1165+1154+1155+1174+1167+1184+1195+1170+1181+1156+1158+1161+1171+1194+1162+1163+1169+1176+1179+1182+1189+1192;1;coffee maker;381;0;0;2;0;0;0;off;off;ColorSketch;Face_1;1547050753168;1547051053300;NA;NA;;;
1547050904750;Visual2019-12N;V4N;3469;-1;82010;82013;0;;;1;coffee maker;381;0;0;2;0;0;0;off;off;ColorSketch;KW_1;1547050753168;1547051053300;NA;NA;1547050904812;1547050904813;0.0009364
1547050912626;Visual2019-12N;V4N;-1;-1;-1;-1;1;coffee maker;381;1;coffee maker;381;0;0;2;0;0;0;off;off;Keyword;KW_1;1547050753168;1547051053300;NA;NA;1547050912690;1547050912691;0.0009608
1547050915225;Visual2019-12N;V4N;-1;-1;-1;-1;1;coffee maker;381;0;;;0;0;2;0;0;0;off;off;Keyword;KW_2;1547050753168;1547051053300;NA;NA;1547050915287;1547050915289;0.0019525
1547050931251;Visual2019-12N;V4N;-1;-1;-1;-1;1;coffee maker;381;1;lemon;987;0;0;2;0;0;0;off;off;Keyword;KW_2;1547050753168;1547051053300;NA;NA;1547050931309;1547050931310;0.0009601
1547050934757;Visual2019-12N;V4N;3469;-1;82010;82013;0;;;1;lemon;987;0;0;2;0;0;0;off;off;ColorSketch;KW_1;1547050753168;1547051053300;NA;NA;1547050934812;1547050934813;0.000936
1547050968362;Visual2019-12N;V4N;-1;-1;-1;-1;1;coffee maker;381;1;lemon;987;0;0;2;0;0;0;off;off;Keyword;KW_1;1547050753168;1547051053300;NA;NA;;;
1547050996736;Visual2019-12N;V4N;-1;-1;-1;-1;0;;;1;lemon;987;0;0;2;0;0;0;off;off;ColorSketch;KW_1;1547050753168;1547051053300;NA;NA;1547050996802;1547050996803;0.0009636
1547051120466;Visual2019-13N;V2N;1068;1068;1862;1862;1;sunglasses;815;0;;;0;0;0;0;0;0;off;off;Keyword;KW_1;1547051091418;1547051391512;NA;NA;1547051120529;1547051120530;0.0009395
1547051129287;Visual2019-13N;V2N;-1;-1;-1;-1;1;sunglasses;815;0;;;1;0;0;0;0;0;off;off;Keyword;Color_1;1547051091418;1547051391512;NA;NA;;;
1547051140283;Visual2019-13N;V2N;-1;-1;-1;-1;1;sunglasses OR woman;815+1196;0;;;1;0;0;0;0;0;off;off;Keyword;KW_1;1547051091418;1547051391512;NA;NA;1547051140344;1547051140345;0.0009668
1547051147071;Visual2019-13N;V2N;-1;-1;-1;-1;1;sunglasses OR woman;815+1196;0;;;1;0;0;0;0;0;off;off;ColorSketch;Color_1;1547051091418;1547051391512;NA;NA;1547051147121;1547051147122;0.000938
1547051152517;Visual2019-13N;V2N;-1;-1;-1;-1;1;sunglasses OR woman;815+1196;0;;;1;0;0;0;0;0;off;off;ColorSketch;Color_1;1547051091418;1547051391512;NA;NA;1547051152582;1547051152583;0.0009774
1547051162835;Visual2019-13N;V2N;-1;-1;-1;-1;1;sunglasses OR woman;815+1196;0;;;1;0;0;0;0;0;off;off;ColorSketch;Color_1;1547051091418;1547051391512;NA;NA;1547051162895;1547051162896;0.0009604
1547051164564;Visual2019-13N;V2N;-1;-1;-1;-1;1;sunglasses OR woman;815+1196;0;;;1;0;0;0;0;0;off;off;ColorSketch;Color_1;1547051091418;1547051391512;NA;NA;1547051164623;1547051164624;0.0009759
1547051166637;Visual2019-13N;V2N;-1;-1;-1;-1;1;sunglasses OR woman;815+1196;0;;;1;0;0;0;0;0;off;off;ColorSketch;Color_1;1547051091418;1547051391512;NA;NA;1547051166688;1547051166688;0
1547051170610;Visual2019-13N;V2N;-1;-1;-1;-1;1;sunglasses OR woman;815+1196;0;;;1;0;0;0;0;0;off;off;ColorSketch;Color_1;1547051091418;1547051391512;NA;NA;;;
1547051192326;Visual2019-13N;V2N;4721;-1;16753;16802;1;sunglasses OR woman;815+1196;0;;;0;0;0;0;0;0;off;off;None;Color_1;1547051091418;1547051391512;NA;NA;1547051192390;1547051192391;0.0009747
1547051196423;Visual2019-13N;V2N;2819;2875;8391;8391;1;sunglasses OR woman;815+1196;0;;;0;0;1;0;0;0;off;off;ColorSketch;Face_1;1547051091418;1547051391512;NA;NA;1547051196487;1547051196488;0.0009647
1547051198109;Visual2019-13N;V2N;46;46;8270;8630;1;sunglasses OR woman;815+1196;0;;;0;0;1;0;0;0;off;off;ColorSketch;Face_1;1547051091418;1547051391512;NA;NA;1547051198176;1547051198177;0.0009628
1547051202713;Visual2019-13N;V2N;-1;-1;-1;-1;1;sunglasses OR woman;815+1196;0;;;1;0;1;0;0;0;off;off;ColorSketch;Color_1;1547051091418;1547051391512;NA;NA;1547051202765;1547051202766;0.0009731
1547051205360;Visual2019-13N;V2N;-1;-1;-1;-1;1;sunglasses OR woman;815+1196;0;;;1;0;1;0;0;0;off;off;ColorSketch;Color_1;1547051091418;1547051391512;NA;NA;1547051205425;1547051205426;0.000977
1547051212296;Visual2019-13N;V2N;-1;-1;-1;-1;1;sunglasses OR woman;815+1196;0;;;1;0;1;0;0;0;off;off;ColorSketch;Color_1;1547051091418;1547051391512;NA;NA;1547051212365;1547051212366;0.000979
1547051216460;Visual2019-13N;V2N;-1;-1;-1;-1;1;sunglasses OR woman;815+1196;0;;;1;0;1;0;0;0;off;off;ColorSketch;Color_1;1547051091418;1547051391512;NA;NA;;;
1547051227830;Visual2019-13N;V2N;-1;-1;-1;-1;1;sunglasses OR woman;815+1196;0;;;1;0;1;0;0;0;off;off;ColorSketch;Color_1;1547051091418;1547051391512;NA;NA;1547051227895;1547051227896;0.0009663
1547051282835;Visual2019-13N;V2N;1084;1084;1798;1798;1;sunglasses OR woman;815+1196;0;;;0;0;1;0;0;0;off;off;Keyword;Color_1;1547051091418;1547051391512;NA;NA;;;
1547051317061;Visual2019-13N;V2N;141;880;223;1748;1;sunglasses OR woman;815+1196;1;woman;1196;0;0;1;0;0;0;off;off;Keyword;KW_2;1547051091418;1547051391512;NA;NA;1547051317124;1547051317125;0.0009379
1547051323407;Visual2019-13N;V2N;134;851;214;1672;1;sunglasses OR woman;815+1196;1;woman;1196;0;0;1;1;0;0;off;off;Keyword;Face_2;1547051091418;1547051391512;NA;NA;1547051323474;1547051323475;0.000977
1547051370248;Visual2019-13N;V2N;7;106;8;127;2;sunglasses AND woman;815|1196;1;woman;1196;0;0;1;1;0;0;off;off;Keyword;;1547051091418;1547051391512;NA;NA;;;
1547051419329;Visual2019-14N;V5N;12769;-1;132058;133438;0;;;0;;;0;0;0;0;0;0;off;off;None;KW_1|Face_1|KW_2|Face_2;1547051423500;1547051559966;NA;NA;1547051419359;1547051419361;0.001913
1547051433284;Visual2019-14N;V5N;9;13;9;13;1;motorcycle;616;0;;;0;0;0;0;0;0;off;off;Keyword;KW_1;1547051423500;1547051559966;NA;NA;1547051433345;1547051433345;0
1547051436343;Visual2019-14N;V5N;235;-1;297;887;1;motorcycle;616;0;;;1;0;0;0;0;0;off;off;ColorSketch;Color_1;1547051423500;1547051559966;NA;NA;1547051436405;1547051436406;0.000966
1547051439308;Visual2019-14N;V5N;312;-1;398;755;1;motorcycle;616;0;;;1;0;0;0;0;0;off;off;ColorSketch;Color_1;1547051423500;1547051559966;NA;NA;1547051439360;1547051439361;0.0009695
1547051487126;Visual2019-14N;V5N;1;3;1;3;1;motorcycle;616;0;;;1;0;0;0;0;0;off;off;Keyword;Color_1;1547051423500;1547051559966;NA;NA;;;
