"TimeStamp";"TaskName";"TopVideoPosition";"TopShotPosition";"TopVideoPositionBeforeFilter";"TopShotPositionBeforeFilter";"KW_1_Count";"KW_1_Words";"KW_1_IDS";"KW_2_Count";"KW_2_Words";"KW_2_IDS";"Color_1";"Color_2";"Face_1";"Face_2";"Text_1";"Text_2";"Semantic_1";"Semantic_2";"SortedBy";"ModelsChanged";"TaskStart";"TaskEnd";"FirstSuccessfulSubmission";"IsAfterSuccessfulSubmission";"QueryFileCreated";"QueryFileModified";"QueryFileModifiedDiff"
1546952887952;Textual2019-18;49;49;175;175;1;;643;0;;;0;0;0;0;0;0;off;off;Keyword;KW_1;1546952853038;1546953333051;NA;NA;1546952888018;1546952888019;0.0009971
1546952927244;Textual2019-18;955;-1;1469;-1;1;;643;0;;;1;0;0;0;0;0;off;off;ColorSketch;Color_1;1546952853038;1546953333051;NA;NA;1546952927299;1546952928554;1.2546458
1546952929202;Textual2019-18;11;11;6;6;1;;643;0;;;1;0;0;0;0;0;off;off;Keyword;Color_1;1546952853038;1546953333051;NA;NA;1546952929261;1546952931264;2.0026045
1546953267403;Textual2019-18;1;1;1;1;1;;643;0;;;1;0;0;0;0;0;on;off;Semantic;Semantic_1;1546952853038;1546953333051;NA;NA;1546953267466;1546953267482;0.0159574
1546954545157;Visual2019-10;14425;-1;111968;112093;0;;;0;;;0;0;0;0;0;0;off;off;None;Semantic_1;1546954554681;1546954726644;NA;NA;1546954545194;1546954545211;0.0169192
1546954564654;Visual2019-10;5143;-1;12099;44896;0;;;0;;;1;0;0;0;0;0;off;off;ColorSketch;Color_1;1546954554681;1546954726644;NA;NA;1546954564722;1546954564732;0.0099728
1546954566850;Visual2019-10;5796;-1;14158;37644;0;;;0;;;1;0;0;0;0;0;off;off;ColorSketch;Color_1;1546954554681;1546954726644;NA;NA;1546954566905;1546954566939;0.0338709
1546954571593;Visual2019-10;2527;-1;4288;37575;0;;;0;;;1;1;0;0;0;0;off;off;ColorSketch;Color_2;1546954554681;1546954726644;NA;NA;1546954571656;1546954571672;0.0159578
1546954575412;Visual2019-10;18;-1;18;-1;1;dog;119+35+120+121+122+123+124+125+126+127+128+129+130+131+132;0;;;1;1;0;0;0;0;off;off;Keyword;KW_1;1546954554681;1546954726644;NA;NA;1546954575469;1546954575475;0.0059831
1546954582874;Visual2019-10;5;-1;6;-1;1;dog;119+35+120+121+122+123+124+125+126+127+128+129+130+131+132;0;;;1;1;0;0;0;0;off;off;Keyword;Color_2;1546954554681;1546954726644;NA;NA;1546954582936;1546954582943;0.0069797
1546954654515;Visual2019-10;506;-1;600;-1;1;dog;119+35+120+121+122+123+124+125+126+127+128+129+130+131+132;0;;;1;1;0;0;0;0;on;off;Semantic;Semantic_1;1546954554681;1546954726644;NA;NA;1546954654580;1546954654588;0.0079768
1546954658467;Visual2019-10;1117;-1;7458;-1;1;dog;119+35+120+121+122+123+124+125+126+127+128+129+130+131+132;0;;;1;1;0;0;0;0;off;off;None;Semantic_1;1546954554681;1546954726644;NA;NA;1546954658529;1546954658536;0.006015
1546954684608;Visual2019-10;989;-1;1358;-1;1;dog;119+35+120+121+122+123+124+125+126+127+128+129+130+131+132;0;;;1;1;0;0;0;0;external;off;Semantic;External_1;1546954554681;1546954726644;NA;NA;1546954684673;1546954684674;0.0009971
1546954700876;Visual2019-10;5;-1;6;-1;1;dog;119+35+120+121+122+123+124+125+126+127+128+129+130+131+132;0;;;1;1;0;0;0;0;off;off;Keyword;External_1;1546954554681;1546954726644;NA;NA;1546954700904;1546954700905;0.0009966
1546954706762;Visual2019-10;703;-1;898;-1;1;dog;119+35+120+121+122+123+124+125+126+127+128+129+130+131+132;0;;;1;1;0;0;0;0;external;off;Semantic;External_1;1546954554681;1546954726644;NA;NA;1546954706825;1546954706832;0.0069843
1546954720262;Visual2019-10;1307;-1;1551;-1;1;dog;119+35+120+121+122+123+124+125+126+127+128+129+130+131+132;0;;;1;1;0;0;0;0;external;off;Semantic;External_1;1546954554681;1546954726644;NA;NA;1546954720294;1546954727348;7.0543175
1546955802323;Textual2019-20;5;5;1;1;1;piano;650;0;;;0;0;0;0;0;0;off;off;Keyword;KW_1;1546955787887;1546956267900;1546955883556;FALSE;1546955802588;1546955802593;0.0059845
1546955817233;Textual2019-20;6694;-1;12135;-1;1;piano;650;0;;;0;0;0;0;0;0;external;off;Semantic;External_1;1546955787887;1546956267900;1546955883556;FALSE;1546955817297;1546955817306;0.0089767
1546955819672;Textual2019-20;5165;-1;179872;180048;0;;;1;piano;650;0;0;0;0;0;0;off;off;None;External_2;1546955787887;1546956267900;1546955883556;FALSE;1546955819740;1546955820496;0.7559824
1546955822501;Textual2019-20;3;3;1;1;1;piano;650;0;;;0;0;0;0;0;0;off;external;Keyword;External_2;1546955787887;1546956267900;1546955883556;FALSE;1546955822559;1546955830388;7.8289452
1546956037280;Textual2019-20;5165;-1;179872;180048;0;;;1;piano;650;0;0;0;0;0;0;off;off;None;External_1;1546955787887;1546956267900;1546955883556;TRUE;1546956037342;1546956038637;1.2950994
1546956044797;Textual2019-20;2;2;1;1;1;piano;650;0;;;0;0;0;0;0;0;off;external;Keyword;External_2;1546955787887;1546956267900;1546955883556;TRUE;1546956044857;1546956045774;0.9175499
1546956149011;Textual2019-20;2311;4452;4080;9099;1;piano;650;0;;;0;0;0;0;0;0;external;external;Semantic;External_1;1546955787887;1546956267900;1546955883556;TRUE;1546956149075;1546956149087;0.0119661
1546956152281;Textual2019-20;6958;7006;6393;6463;1;piano;650;0;;;0;0;0;0;0;0;off;external;None;External_1;1546955787887;1546956267900;1546955883556;TRUE;1546956152341;1546956152357;0.0159606
1546956189273;Textual2019-20;3195;5895;6675;14133;1;piano;650;0;;;0;0;0;0;0;0;external;external;Semantic;External_1;1546955787887;1546956267900;1546955883556;TRUE;1546956189325;1546956189344;0.0189486
1546956190745;Textual2019-20;2;2;1;1;1;piano;650;0;;;0;0;0;0;0;0;off;external;Keyword;External_1;1546955787887;1546956267900;1546955883556;TRUE;1546956190779;1546956190781;0.0019952
1546956333512;Visual2019-13;5985;-1;647214;647246;0;;;0;;;0;0;0;0;0;0;off;off;None;KW_1|External_2;1546956324973;1546956624987;NA;NA;1546956333542;1546956333559;0.0169549
1546956341467;Visual2019-13;9690;16229;23156;61789;1;cow;96;0;;;0;0;0;0;0;0;off;off;Keyword;KW_1;1546956324973;1546956624987;NA;NA;1546956341532;1546956341543;0.0109695
1546956350060;Visual2019-13;5985;-1;647214;647246;0;;;0;;;0;0;0;0;0;0;off;off;None;KW_1;1546956324973;1546956624987;NA;NA;1546956350121;1546956350124;0.0029913
1546956352526;Visual2019-13;6774;-1;27253;27439;0;;;0;;;0;0;1;0;0;0;off;off;ColorSketch;Face_1;1546956324973;1546956624987;NA;NA;1546956352594;1546956352607;0.012966
1546956354194;Visual2019-13;6034;-1;70545;70620;0;;;0;;;0;0;1;0;0;0;off;off;ColorSketch;Face_1;1546956324973;1546956624987;NA;NA;1546956354250;1546956355888;1.6379103
1546956358906;Visual2019-13;1397;-1;2664;8494;0;;;0;;;1;0;1;0;0;0;off;off;ColorSketch;Color_1;1546956324973;1546956624987;NA;NA;1546956358968;1546956358981;0.0129651
1546956360666;Visual2019-13;1034;-1;1864;5551;0;;;0;;;1;0;1;0;0;0;off;off;ColorSketch;Color_1;1546956324973;1546956624987;NA;NA;1546956360717;1546956360758;0.0408468
1546956378959;Visual2019-13;1301;-1;1979;3031;0;;;0;;;2;0;1;0;0;0;off;off;ColorSketch;Color_1;1546956324973;1546956624987;NA;NA;1546956379014;1546956379051;0.0369006
1546956380025;Visual2019-13;2235;-1;4524;6976;0;;;0;;;2;0;1;0;0;0;off;off;ColorSketch;Color_1;1546956324973;1546956624987;NA;NA;1546956380076;1546956380117;0.0408909
1546956381617;Visual2019-13;1628;1628;3001;3001;0;;;0;;;2;0;1;0;0;0;off;off;ColorSketch;Color_1;1546956324973;1546956624987;NA;NA;1546956381671;1546956381712;0.0408891
1546956392811;Visual2019-13;2235;-1;4524;6976;0;;;0;;;2;0;1;0;0;0;off;off;ColorSketch;Color_1;1546956324973;1546956624987;NA;NA;1546956392873;1546956392912;0.0388953
1546956394498;Visual2019-13;1301;-1;1979;3031;0;;;0;;;2;0;1;0;0;0;off;off;ColorSketch;Color_1;1546956324973;1546956624987;NA;NA;1546956394560;1546956394595;0.0348819
1546956395505;Visual2019-13;79;-1;86;-1;0;;;0;;;2;0;1;0;0;0;off;off;ColorSketch;Face_1;1546956324973;1546956624987;NA;NA;1546956395560;1546956395576;0.0159578
1546956396282;Visual2019-13;-1;-1;-1;-1;0;;;0;;;2;0;1;0;0;0;off;off;ColorSketch;Color_1;1546956324973;1546956624987;NA;NA;1546956396341;1546956396354;0.0129651
1546956396938;Visual2019-13;2235;-1;4524;6976;0;;;0;;;2;0;1;0;0;0;off;off;ColorSketch;Face_1;1546956324973;1546956624987;NA;NA;1546956396998;1546956397000;0.0019566
1546956397971;Visual2019-13;1034;-1;1864;5551;0;;;0;;;1;0;1;0;0;0;off;off;ColorSketch;Color_1;1546956324973;1546956624987;NA;NA;1546956398031;1546956398033;0.0019947
1546956400610;Visual2019-13;237;-1;278;1125;1;woman;1196;0;;;1;0;1;0;0;0;off;off;Keyword;KW_1;1546956324973;1546956624987;NA;NA;1546956400669;1546956400675;0.0060062
1546956405422;Visual2019-13;1240;-1;2209;2711;1;woman;1196;0;;;1;0;1;0;0;0;on;off;Semantic;Semantic_1;1546956324973;1546956624987;NA;NA;1546956405483;1546956405489;0.0059835
1546956424999;Visual2019-13;25;-1;26;-1;1;woman;1196;0;;;1;0;1;0;0;0;external;off;Semantic;Semantic_1|External_1;1546956324973;1546956624987;NA;NA;1546956425026;1546956425039;0.0129679
1546956447450;Visual2019-13;-1;-1;-1;-1;1;woman;1196;0;;;1;0;1;0;0;0;external;off;ColorSketch;External_1;1546956324973;1546956624987;NA;NA;1546956447487;1546956454740;7.2520626
1546956472850;Visual2019-13;250;250;313;313;1;woman;1196;0;;;1;0;1;0;0;0;on;off;Semantic;Semantic_1|External_1;1546956324973;1546956624987;NA;NA;1546956472851;1546956472920;0.0688167
1546956508232;Visual2019-13;715;-1;1142;2333;1;woman;1196;0;;;2;0;1;0;0;0;on;off;ColorSketch;Color_1;1546956324973;1546956624987;NA;NA;1546956508296;1546956508306;0.009971
1546956509700;Visual2019-13;935;-1;1520;3469;1;woman;1196;0;;;2;0;1;0;0;0;on;off;ColorSketch;Color_1;1546956324973;1546956624987;NA;NA;1546956509765;1546956509770;0.005983
1546956512227;Visual2019-13;189;-1;223;1580;1;woman;1196;0;;;2;0;1;0;0;0;on;off;Semantic;Color_1;1546956324973;1546956624987;NA;NA;1546956512278;1546956517178;4.8992375
1546956533911;Visual2019-13;368;-1;553;922;1;woman;1196;0;;;3;0;1;0;0;0;on;off;ColorSketch;Color_1;1546956324973;1546956624987;NA;NA;1546956533969;1546956536458;2.4892577
1546956538722;Visual2019-13;168;168;198;198;1;woman;1196;0;;;3;0;1;0;0;0;on;off;Semantic;Color_1;1546956324973;1546956624987;NA;NA;1546956538777;1546956539832;1.0551481
1546956577803;Visual2019-13;-1;-1;-1;-1;1;woman;1196;0;;;3;0;1;0;0;0;on;off;ColorSketch;Face_1;1546956324973;1546956624987;NA;NA;1546956577858;1546956577858;0
1546956593547;Visual2019-13;-1;-1;-1;-1;1;woman;1196;0;;;2;0;1;0;0;0;on;off;ColorSketch;Color_1;1546956324973;1546956624987;NA;NA;1546956593607;1546956593614;0.0069834
1546956605738;Visual2019-13;-1;-1;-1;-1;1;woman;1196;0;;;1;0;1;0;0;0;on;off;ColorSketch;Color_1;1546956324973;1546956624987;NA;NA;1546956605796;1546956605803;0.0069839
1546956608546;Visual2019-13;542;859;702;1228;1;woman;1196;0;;;0;0;1;0;0;0;on;off;Semantic;Color_1|Face_1;1546956324973;1546956624987;NA;NA;1546956608605;1546956619504;10.8991805
1546956623075;Visual2019-13;586;-1;784;6179;1;woman;1196;0;;;0;0;1;0;0;0;on;off;Semantic;Face_1;1546956324973;1546956624987;NA;NA;1546956623136;1546956624113;0.9771084
1546957121482;Textual2019-10;NA;NA;NA;NA;0;;;0;;;0;0;0;0;0;0;off;off;None;External_1;1546957127688;1546957607704;NA;NA;1546957121514;1546957121526;0.011968
1546957149467;Textual2019-10;35;35;53;53;0;;;0;;;0;0;0;0;0;0;external;off;Semantic;External_1;1546957127688;1546957607704;NA;NA;1546957149528;1546957149551;0.0229727
1546957171184;Textual2019-10;23304;-1;794256;794349;0;;;0;;;0;0;0;0;0;0;off;off;None;External_1;1546957127688;1546957607704;NA;NA;1546957171249;1546957171252;0.0029941
1546957183593;Textual2019-10;10632;-1;155385;155442;0;;;0;;;0;0;0;0;0;0;off;external;None;External_2;1546957127688;1546957607704;NA;NA;1546957183657;1546957185116;1.4590984
1546957190608;Textual2019-10;19;409;20;640;0;;;0;;;0;0;0;0;0;0;external;external;Semantic;External_2;1546957127688;1546957607704;NA;NA;1546957190672;1546957191772;1.0993452
1546957533858;Textual2019-10;15103;-1;794256;794349;0;;;0;;;0;0;0;0;0;0;off;off;None;External_1|External_2;1546957127688;1546957607704;NA;NA;1546957534070;1546957534078;0.0079796
1546957658693;Visual2019-11;10828;-1;45226;45335;0;;;0;;;0;0;1;0;0;0;off;off;ColorSketch;Face_1;1546957646288;1546957946298;NA;NA;1546957658755;1546957658756;0.0009971
1546957663692;Visual2019-11;9805;-1;61362;65363;0;;;0;;;0;0;1;0;0;0;off;off;ColorSketch;Face_1;1546957646288;1546957946298;NA;NA;1546957663748;1546957665823;2.075789
1546957666563;Visual2019-11;1181;-1;2546;-1;0;;;0;;;0;0;1;0;0;0;off;off;ColorSketch;Face_1;1546957646288;1546957946298;NA;NA;1546957666623;1546957668930;2.3065174
1546957670523;Visual2019-11;125;-1;167;-1;0;;;0;;;0;0;1;0;0;0;off;off;ColorSketch;;1546957646288;1546957946298;NA;NA;1546957670576;1546957670595;0.0189496
1546957676275;Visual2019-11;-1;-1;-1;-1;0;;;0;;;0;0;1;0;0;0;off;off;ColorSketch;;1546957646288;1546957946298;NA;NA;1546957676327;1546957676343;0.0159569
1546957681530;Visual2019-11;711;-1;6551;-1;0;;;0;;;0;0;1;0;0;0;off;off;ColorSketch;Face_1;1546957646288;1546957946298;NA;NA;1546957681590;1546957681605;0.0149616
1546957683130;Visual2019-11;723;-1;6400;-1;0;;;0;;;0;0;1;0;0;0;off;off;ColorSketch;Face_1;1546957646288;1546957946298;NA;NA;1546957683192;1546957683192;0
1546957684594;Visual2019-11;-1;-1;-1;-1;0;;;0;;;0;0;1;0;0;0;off;off;ColorSketch;Face_1;1546957646288;1546957946298;NA;NA;1546957684661;1546957684683;0.0219413
1546957696389;Visual2019-11;-1;-1;-1;-1;0;;;0;;;0;0;1;0;0;0;on;off;Semantic;Semantic_1;1546957646288;1546957946298;NA;NA;1546957696449;1546957702360;5.9104232
1546957703450;Visual2019-11;210;-1;323;-1;0;;;0;;;0;0;1;0;0;0;on;off;Semantic;;1546957646288;1546957946298;NA;NA;1546957703513;1546957703529;0.0159583
1546957706594;Visual2019-11;185;-1;284;-1;0;;;0;;;0;0;1;0;0;0;on;off;ColorSketch;Face_1;1546957646288;1546957946298;NA;NA;1546957706662;1546957714402;7.7404039
1546957779323;Visual2019-11;-1;-1;-1;-1;0;;;0;;;0;0;1;0;0;0;external;off;Semantic;Semantic_1|External_1;1546957646288;1546957946298;NA;NA;1546957779379;1546957779394;0.0149645
1546957789731;Visual2019-11;182;-1;29;-1;0;;;0;;;0;0;1;0;0;0;off;off;None;External_1;1546957646288;1546957946298;NA;NA;1546957789782;1546957789794;0.0119685
1546957795782;Visual2019-11;13009;-1;475251;475339;0;;;0;;;0;0;0;0;0;0;off;off;None;Face_1;1546957646288;1546957946298;NA;NA;1546957795809;1546957795818;0.0089748
1546957798747;Visual2019-11;5551;-1;11633;-1;1;wall;878;0;;;0;0;0;0;0;0;off;off;Keyword;KW_1;1546957646288;1546957946298;NA;NA;1546957798813;1546957798814;0.0009971
1546957801792;Visual2019-11;2600;-1;3532;-1;1;wall;878;0;;;0;0;1;0;0;0;off;off;ColorSketch;Face_1;1546957646288;1546957946298;NA;NA;1546957801856;1546957801867;0.0117806
1546957803970;Visual2019-11;3975;-1;5775;-1;1;wall;878;0;;;0;0;1;0;0;0;off;off;ColorSketch;Face_1;1546957646288;1546957946298;NA;NA;1546957804029;1546957805405;1.37632
1546957806226;Visual2019-11;-1;-1;-1;-1;1;wall;878;0;;;0;0;1;0;0;0;off;off;ColorSketch;Face_1;1546957646288;1546957946298;NA;NA;1546957806286;1546957806297;0.0109705
1546957809314;Visual2019-11;-1;-1;-1;-1;1;wall;878;0;;;0;0;1;0;0;0;off;off;ColorSketch;Face_1;1546957646288;1546957946298;NA;NA;1546957809371;1546957809385;0.013965
1546957810891;Visual2019-11;-1;-1;-1;-1;1;wall;878;0;;;0;0;1;0;0;0;off;off;ColorSketch;;1546957646288;1546957946298;NA;NA;1546957810966;1546957810974;0.0079759
1546957814266;Visual2019-11;4156;-1;6108;-1;1;wall;878;0;;;0;0;1;0;0;0;off;off;ColorSketch;Face_1;1546957646288;1546957946298;NA;NA;1546957814326;1546957814335;0.0089744
1546957818442;Visual2019-11;24;-1;28;-1;1;wall;878;0;;;0;0;1;0;0;0;off;off;Keyword;;1546957646288;1546957946298;NA;NA;1546957818506;1546957950618;132.111795
1546958728215;Textual2019-11;93;-1;126;5172;0;;;0;;;0;0;0;0;0;0;external;off;Semantic;External_1;1546958710673;1546959190694;NA;NA;1546958728279;1546958728292;0.012966
1546958733216;Textual2019-11;13565;-1;865579;865621;0;;;0;;;0;0;0;0;0;0;off;off;None;External_1;1546958710673;1546959190694;NA;NA;1546958733280;1546958733286;0.0059849
1546958786774;Textual2019-11;16102;-1;57041;-1;1;horse;175+176+177+178;0;;;0;0;0;0;0;0;off;off;Keyword;KW_1;1546958710673;1546959190694;NA;NA;1546958786825;1546958786832;0.0060178
1546958796804;Textual2019-11;9898;-1;26044;-1;1;horse;175+176+177+178;1;library;575;0;0;0;0;0;0;off;off;Keyword;KW_2;1546958710673;1546959190694;NA;NA;1546958796856;1546958796862;0.0060067
1546958827416;Textual2019-11;425;-1;682;-1;1;horse;175+176+177+178;1;library;575;1;0;0;0;0;0;off;off;ColorSketch;Color_1;1546958710673;1546959190694;NA;NA;1546958827469;1546958828363;0.8946101
1546958829473;Textual2019-11;762;-1;1305;-1;1;horse;175+176+177+178;1;library;575;1;0;0;0;0;0;off;off;ColorSketch;Color_1;1546958710673;1546959190694;NA;NA;1546958829528;1546958836786;7.2574905
1546958837438;Textual2019-11;15892;-1;66198;-1;1;horse;175+176+177+178;1;library;575;0;0;0;0;0;0;off;off;None;Color_1;1546958710673;1546959190694;NA;NA;1546958837499;1546958837500;0.0009975
1546958859428;Textual2019-11;13565;-1;865579;865621;0;;;1;library;575;0;0;0;0;0;0;off;off;None;KW_1;1546958710673;1546959190694;NA;NA;1546958859483;1546958859505;0.0219446
1546958870134;Textual2019-11;503;-1;630;21460;1;campsite;1088;1;library;575;0;0;0;0;0;0;off;off;Keyword;KW_1;1546958710673;1546959190694;NA;NA;1546958870185;1546958870191;0.0059835
1546958889043;Textual2019-11;13565;-1;865579;865621;0;;;1;library;575;0;0;0;0;0;0;off;off;None;KW_1;1546958710673;1546959190694;NA;NA;1546958889105;1546958889108;0.002995
1546958896116;Textual2019-11;503;-1;630;21460;1;campsite;1088;1;library;575;0;0;0;0;0;0;off;off;Keyword;KW_1;1546958710673;1546959190694;NA;NA;1546958896177;1546958896183;0.0059854
1546958906914;Textual2019-11;13565;-1;865579;865621;0;;;0;;;0;0;0;0;0;0;off;off;None;KW_1|KW_2;1546958710673;1546959190694;NA;NA;1546958906965;1546958907908;0.9435154
1546958911008;Textual2019-11;1502;-1;3665;-1;1;library;575;0;;;0;0;0;0;0;0;off;off;Keyword;KW_1;1546958710673;1546959190694;NA;NA;1546958911062;1546958911071;0.0089749
1546958918501;Textual2019-11;481;-1;1528;-1;1;library;575;1;building;318+541+212+640+324+366+873+234+265+794+280+676+308+696+328+340+352+369+357+614+639+836+371+542+413+497+511+538+1094+548+576+628+630+712+737+769;0;0;0;0;0;0;off;off;Keyword;KW_2;1546958710673;1546959190694;NA;NA;1546958918560;1546958918567;0.0069588
1546958926680;Textual2019-11;-1;-1;-1;-1;1;library;575;1;building;318+541+212+640+324+366+873+234+265+794+280+676+308+696+328+340+352+369+357+614+639+836+371+542+413+497+511+538+1094+548+576+628+630+712+737+769;1;0;0;0;0;0;off;off;ColorSketch;Color_1;1546958710673;1546959190694;NA;NA;1546958926732;1546958926738;0.0059474
1546958927817;Textual2019-11;481;-1;1528;-1;1;library;575;1;building;318+541+212+640+324+366+873+234+265+794+280+676+308+696+328+340+352+369+357+614+639+836+371+542+413+497+511+538+1094+548+576+628+630+712+737+769;0;0;0;0;0;0;off;off;Keyword;Color_1;1546958710673;1546959190694;NA;NA;1546958927877;1546958931125;3.2472979
1546958983734;Textual2019-11;2687;-1;6409;-1;1;library;575;1;building;318+541+212+640+324+366+873+234+265+794+280+676+308+696+328+340+352+369+357+614+639+836+371+542+413+497+511+538+1094+548+576+628+630+712+737+769;0;0;0;0;0;0;on;off;Semantic;Semantic_1;1546958710673;1546959190694;NA;NA;1546958983793;1546958983809;0.0159499
1546958992593;Textual2019-11;-1;-1;-1;-1;1;library;575;1;building;318+541+212+640+324+366+873+234+265+794+280+676+308+696+328+340+352+369+357+614+639+836+371+542+413+497+511+538+1094+548+576+628+630+712+737+769;0;0;0;0;0;0;on;off;Semantic;Semantic_1;1546958710673;1546959190694;NA;NA;1546958992625;1546958992632;0.0069852
1546959026529;Textual2019-11;3809;-1;6605;-1;1;library;575;1;building;318+541+212+640+324+366+873+234+265+794+280+676+308+696+328+340+352+369+357+614+639+836+371+542+413+497+511+538+1094+548+576+628+630+712+737+769;0;0;0;0;0;0;external;off;Semantic;Semantic_1|External_1;1546958710673;1546959190694;NA;NA;1546959026560;1546959026561;0.0009999
1546959039685;Textual2019-11;-1;-1;-1;-1;1;library;575;1;building;318+541+212+640+324+366+873+234+265+794+280+676+308+696+328+340+352+369+357+614+639+836+371+542+413+497+511+538+1094+548+576+628+630+712+737+769;0;0;0;0;0;0;external;off;Semantic;External_1;1546958710673;1546959190694;NA;NA;1546959039716;1546959039722;0.005984
1546959045594;Textual2019-11;-1;-1;-1;-1;1;library;575;0;;;0;0;0;0;0;0;external;off;Semantic;KW_2;1546958710673;1546959190694;NA;NA;1546959045653;1546959045662;0.0089879
1546959048226;Textual2019-11;3439;-1;7826;-1;0;;;0;;;0;0;0;0;0;0;external;off;Semantic;KW_1;1546958710673;1546959190694;NA;NA;1546959048278;1546959048294;0.0159583
1546959074647;Textual2019-11;10977;-1;52666;-1;0;;;0;;;0;0;0;0;0;0;off;on;None;Semantic_2|External_2;1546958710673;1546959190694;NA;NA;1546959074667;1546959083243;8.5761771
1546959087674;Textual2019-11;352;-1;533;326640;0;;;0;;;0;0;0;0;0;0;on;external;Semantic;External_2;1546958710673;1546959190694;NA;NA;1546959087732;1546959088812;1.0806859
1546959146324;Textual2019-11;352;-1;533;326640;0;;;1;library;575;0;0;0;0;0;0;on;external;Semantic;KW_2;1546958710673;1546959190694;NA;NA;1546959146389;1546959146407;0.0179544
1546959168012;Textual2019-11;859;-1;1478;116970;0;;;1;library;575;0;0;0;0;0;0;on;external;Semantic;Semantic_1;1546958710673;1546959190694;NA;NA;1546959168045;1546959168067;0.0219432
1546959177248;Textual2019-11;2819;-1;9295;-1;0;;;1;library;575;0;0;0;0;0;0;external;external;Semantic;Semantic_1|External_1;1546958710673;1546959190694;NA;NA;1546959177289;1546959177308;0.0189518
1546959246717;Visual2019-12;4929;-1;324500;324500;0;;;0;;;0;0;0;0;0;0;off;off;None;External_1|KW_2|External_2;1546959247752;1546959441229;1546959360935;FALSE;1546959246753;1546959246762;0.0089762
1546959283513;Visual2019-12;190;-1;217;626;0;;;0;;;0;0;0;0;0;0;external;off;Semantic;External_1;1546959247752;1546959441229;1546959360935;FALSE;1546959283575;1546959283596;0.0209428
1546959292013;Visual2019-12;81;258;85;288;0;;;0;;;0;0;0;0;0;0;on;off;Semantic;Semantic_1|External_1;1546959247752;1546959441229;1546959360935;FALSE;1546959292050;1546959292067;0.0169577
1546959302171;Visual2019-12;2414;2414;3788;3788;0;;;0;;;0;0;0;0;0;0;external;off;Semantic;Semantic_1|External_1;1546959247752;1546959441229;1546959360935;FALSE;1546959302206;1546959302221;0.0149598
1546959337638;Visual2019-12;4929;-1;324500;324500;0;;;0;;;0;0;0;0;0;0;off;off;None;External_1;1546959247752;1546959441229;1546959360935;FALSE;1546959337689;1546959337692;0.0029941
1546959340570;Visual2019-12;2998;2998;4252;4252;1;lemon;987;0;;;0;0;0;0;0;0;off;off;Keyword;KW_1;1546959247752;1546959441229;1546959360935;FALSE;1546959340623;1546959340629;0.0060128
1546959342936;Visual2019-12;25;25;31;31;1;lemon;987;0;;;0;0;0;0;0;0;on;off;Semantic;Semantic_1;1546959247752;1546959441229;1546959360935;FALSE;1546959343000;1546959343016;0.0159615
1546959347094;Visual2019-12;80;80;86;86;1;lemon;987;0;;;0;0;0;0;0;0;on;off;Semantic;Semantic_1;1546959247752;1546959441229;1546959360935;FALSE;1546959347123;1546959347140;0.0169582
1546959435184;Visual2019-12;980;980;1258;1258;1;lemon;987;0;;;0;0;0;0;0;0;external;off;Semantic;Semantic_1|External_1;1546959247752;1546959441229;1546959360935;TRUE;1546959435219;1546959435235;0.0169544
1546960232748;Textual2019-12;NA;NA;NA;NA;0;;;0;;;0;0;0;0;0;0;off;off;None;Semantic_1;1546960239370;1546960719387;NA;NA;1546960232782;1546960232792;0.0099742
1546960250968;Textual2019-12;78;-1;126;298;0;;;0;;;0;0;0;0;0;0;external;off;Semantic;External_1;1546960239370;1546960719387;NA;NA;1546960251038;1546960251052;0.0140067
1546960259987;Textual2019-12;78;-1;126;298;0;;;1;window;892;0;0;0;0;0;0;external;off;Semantic;KW_2;1546960239370;1546960719387;NA;NA;1546960260048;1546960260055;0.0070173
1546960292687;Textual2019-12;27;-1;60;382;0;;;1;window;892;0;0;0;0;0;0;on;off;Semantic;Semantic_1|External_1;1546960239370;1546960719387;NA;NA;1546960292702;1546960292719;0.0169243
1546960384904;Textual2019-12;14892;14892;911688;911703;0;;;1;window;892;0;0;0;0;0;0;off;off;None;Semantic_1;1546960239370;1546960719387;NA;NA;1546960384969;1546960384985;0.0159596
1546960389609;Textual2019-12;78;-1;126;298;0;;;1;window;892;0;0;0;0;0;0;external;off;Semantic;External_1;1546960239370;1546960719387;NA;NA;1546960389672;1546960389679;0.0069802
1546960436310;Textual2019-12;14892;14892;911688;911703;0;;;1;window;892;0;0;0;0;0;0;off;off;None;External_1;1546960239370;1546960719387;NA;NA;1546960436374;1546960436376;0.0019951
1546960439829;Textual2019-12;8;8;8;8;1;church;369+357;1;window;892;0;0;0;0;0;0;off;off;Keyword;KW_1;1546960239370;1546960719387;NA;NA;1546960439888;1546960439893;0.0049864
1546960558966;Textual2019-12;7;7;7;7;1;church;369+357;1;window;892;0;0;0;0;0;0;external;off;Semantic;External_1;1546960239370;1546960719387;NA;NA;1546960559029;1546960559035;0.0059836
1546960646905;Textual2019-12;14892;14892;911688;911703;0;;;0;;;0;0;0;0;0;0;off;off;None;KW_1|External_1|KW_2;1546960239370;1546960719387;NA;NA;1546960646933;1546960646939;0.0059858
1546960790524;Visual2019-14;1105;-1;4919;12481;1;bicycle;284;0;;;0;0;0;0;0;0;off;off;Keyword;KW_1;1546960777396;1546960907813;1546960857511;FALSE;1546960790576;1546960790583;0.0069797
1546960793269;Visual2019-14;-1;-1;-1;-1;1;bicycle;284;0;;;1;0;0;0;0;0;off;off;Keyword;Color_1;1546960777396;1546960907813;1546960857511;FALSE;1546960793329;1546960795340;2.0112074
1546960809107;Visual2019-14;-1;-1;-1;-1;1;bicycle;284;0;;;1;0;0;0;0;0;off;off;Keyword;Color_1;1546960777396;1546960907813;1546960857511;FALSE;1546960809171;1546960811555;2.383539
1546960821296;Visual2019-14;1770;-1;2661;5550;1;bicycle;284;0;;;2;0;0;0;0;0;off;off;ColorSketch;Color_1;1546960777396;1546960907813;1546960857511;FALSE;1546960821355;1546960821367;0.0119304
1546960822657;Visual2019-14;410;577;777;1117;1;bicycle;284;0;;;2;0;0;0;0;0;off;off;Keyword;Color_1;1546960777396;1546960907813;1546960857511;FALSE;1546960822717;1546960824227;1.5096682
1546960830780;Visual2019-14;9788;-1;52830;53341;0;;;0;;;2;0;0;0;0;0;off;off;None;KW_1;1546960777396;1546960907813;1546960857511;FALSE;1546960830839;1546960830853;0.013965
1546960835721;Visual2019-14;0;2;0;2;1;motorcycle;616;0;;;2;0;0;0;0;0;off;off;Keyword;KW_1;1546960777396;1546960907813;1546960857511;FALSE;1546960835780;1546960835786;0.0059845
1546960899065;Visual2019-14;73;83;83;93;1;motorcycle;616+284;0;;;2;0;0;0;0;0;off;off;Keyword;KW_1;1546960777396;1546960907813;1546960857511;TRUE;1546960899122;1546960899129;0.0069816
1546960901345;Visual2019-14;0;2;0;2;1;motorcycle;616;0;;;2;0;0;0;0;0;off;off;Keyword;KW_1;1546960777396;1546960907813;1546960857511;TRUE;1546960901404;1546960901406;0.0019933
1546960903747;Visual2019-14;9788;-1;52830;53341;0;;;0;;;2;0;0;0;0;0;off;off;None;KW_1;1546960777396;1546960907813;1546960857511;TRUE;1546960903811;1546960903814;0.0029914
1546960906038;Visual2019-14;0;2;0;2;1;motorcycle;616;0;;;2;0;0;0;0;0;off;off;Keyword;KW_1;1546960777396;1546960907813;1546960857511;TRUE;1546960906089;1546960906091;0.0019942
1546961475123;Textual2019-13;579;-1;1435;4219;0;;;0;;;0;0;0;0;0;0;external;off;Semantic;External_1;1546961463928;1546961943949;NA;NA;1546961475184;1546961475206;0.0219154
1546961480053;Textual2019-13;2557;-1;8851;-1;0;;;0;;;1;0;0;0;0;0;external;off;ColorSketch;Color_1;1546961463928;1546961943949;NA;NA;1546961480109;1546961480170;0.0608371
1546961481897;Textual2019-13;3156;-1;12290;-1;0;;;0;;;1;0;0;0;0;0;external;off;ColorSketch;Color_1;1546961463928;1546961943949;NA;NA;1546961481950;1546961483271;1.320692
1546961483842;Textual2019-13;451;804;819;1644;0;;;0;;;1;0;0;0;0;0;external;off;Semantic;Color_1;1546961463928;1546961943949;NA;NA;1546961483905;1546961484762;0.8570643
1546961496669;Textual2019-13;-1;-1;-1;-1;1;sweater;819;0;;;1;0;0;0;0;0;external;off;Semantic;KW_1;1546961463928;1546961943949;NA;NA;1546961496732;1546961498212;1.4804693
1546961511626;Textual2019-13;-1;-1;-1;-1;1;sweater;819;0;;;1;0;1;0;0;0;external;off;Semantic;Face_1;1546961463928;1546961943949;NA;NA;1546961511686;1546961515446;3.760007
1546961519359;Textual2019-13;-1;-1;-1;-1;1;sweater;819;0;;;1;0;1;0;0;0;external;off;Semantic;External_1;1546961463928;1546961943949;NA;NA;1546961519390;1546961519403;0.0129628
1546961547372;Textual2019-13;-1;-1;-1;-1;1;sweater;819;1;crowd;1078;1;0;1;0;0;0;external;off;Semantic;KW_2;1546961463928;1546961943949;NA;NA;1546961547435;1546961547443;0.0079787
1546961554190;Textual2019-13;-1;-1;-1;-1;1;sweater;819;1;crowd;1078;1;0;2;0;0;0;external;off;ColorSketch;Face_1;1546961463928;1546961943949;NA;NA;1546961554247;1546961554256;0.0089781
1546961555538;Textual2019-13;-1;-1;-1;-1;1;sweater;819;1;crowd;1078;1;0;2;0;0;0;external;off;Semantic;Face_1;1546961463928;1546961943949;NA;NA;1546961555599;1546961559441;3.8416867
1546961566444;Textual2019-13;-1;-1;-1;-1;1;sweater;819;1;crowd;1078;1;0;2;0;0;0;external;off;ColorSketch;Face_1;1546961463928;1546961943949;NA;NA;1546961566496;1546961566497;0.0009971
1546961567658;Textual2019-13;-1;-1;-1;-1;1;sweater;819;1;crowd;1078;0;0;2;0;0;0;external;off;ColorSketch;Color_1;1546961463928;1546961943949;NA;NA;1546961567716;1546961567717;0.0010004
1546961568610;Textual2019-13;-1;-1;-1;-1;1;sweater;819;1;crowd;1078;0;0;2;0;0;0;external;off;ColorSketch;Face_1;1546961463928;1546961943949;NA;NA;1546961568680;1546961574844;6.1638994
1546961585378;Textual2019-13;-1;-1;-1;-1;1;sweater;819;0;;;0;0;2;0;0;0;external;off;ColorSketch;KW_2;1546961463928;1546961943949;NA;NA;1546961585433;1546961585444;0.0109691
1546961596462;Textual2019-13;-1;-1;-1;-1;1;sweater;819;0;;;1;0;2;0;0;0;external;off;ColorSketch;Color_1;1546961463928;1546961943949;NA;NA;1546961596515;1546961596523;0.0079786
1546961597666;Textual2019-13;-1;-1;-1;-1;1;sweater;819;0;;;1;0;2;0;0;0;external;off;ColorSketch;Face_1;1546961463928;1546961943949;NA;NA;1546961597718;1546961597719;0.0009962
1546961598730;Textual2019-13;-1;-1;-1;-1;1;sweater;819;0;;;1;0;2;0;0;0;external;off;ColorSketch;Face_1;1546961463928;1546961943949;NA;NA;1546961598794;1546961598796;0.0019896
1546961599466;Textual2019-13;-1;-1;-1;-1;1;sweater;819;0;;;1;0;2;0;0;0;external;off;ColorSketch;Color_1;1546961463928;1546961943949;NA;NA;1546961599529;1546961599530;0.0009665
1546961601193;Textual2019-13;-1;-1;-1;-1;1;sweater;819;0;;;1;0;2;0;0;0;external;off;ColorSketch;Color_1;1546961463928;1546961943949;NA;NA;1546961601247;1546961601257;0.0098936
1546961602718;Textual2019-13;-1;-1;-1;-1;1;sweater;819;0;;;1;0;2;0;0;0;off;off;Keyword;External_1;1546961463928;1546961943949;NA;NA;1546961602752;1546961602766;0.0139618
1546961608388;Textual2019-13;-1;-1;-1;-1;1;sweater;819;0;;;1;0;2;0;0;0;external;off;ColorSketch;Face_1|External_1;1546961463928;1546961943949;NA;NA;1546961608439;1546961612442;4.002932
1546961613522;Textual2019-13;-1;-1;-1;-1;1;sweater;819;0;;;1;0;1;0;0;0;external;off;ColorSketch;Face_1;1546961463928;1546961943949;NA;NA;1546961613578;1546961614181;0.6033665
1546961620859;Textual2019-13;-1;-1;-1;-1;1;sweater;819;0;;;1;0;0;0;0;0;external;off;ColorSketch;Face_1;1546961463928;1546961943949;NA;NA;1546961620919;1546961620919;0.0009239
1546961629594;Textual2019-13;-1;-1;-1;-1;1;sweater;819;0;;;1;0;0;0;0;0;external;off;Semantic;External_1;1546961463928;1546961943949;NA;NA;1546961629653;1546961629661;0.0080157
1546961636006;Textual2019-13;-1;-1;-1;-1;1;sweater;819;0;;;2;0;0;0;0;0;external;off;ColorSketch;Color_1;1546961463928;1546961943949;NA;NA;1546961636060;1546961636111;0.0508633
1546961641131;Textual2019-13;-1;-1;-1;-1;1;sweater;819;0;;;2;0;0;0;0;0;external;off;ColorSketch;Color_1;1546961463928;1546961943949;NA;NA;1546961641188;1546961641193;0.0049845
1546961642897;Textual2019-13;-1;-1;-1;-1;1;sweater;819;0;;;2;0;0;0;0;0;external;off;ColorSketch;Color_1;1546961463928;1546961943949;NA;NA;1546961642949;1546961642995;0.0458796
1546961648652;Textual2019-13;6650;-1;15309;-1;1;sweater;819;0;;;0;0;0;0;0;0;off;off;Keyword;Color_1|External_1;1546961463928;1546961943949;NA;NA;1546961648687;1546961667842;19.1542261
1546961671564;Textual2019-13;10042;-1;134260;134473;0;;;0;;;0;0;0;0;0;0;off;off;None;KW_1;1546961463928;1546961943949;NA;NA;1546961671620;1546961671635;0.0149626
1546961676718;Textual2019-13;287;287;545;545;0;;;0;;;0;0;0;0;0;0;external;off;Semantic;External_1;1546961463928;1546961943949;NA;NA;1546961676777;1546961676795;0.0179497
1546961707694;Textual2019-13;3030;-1;12548;-1;0;;;0;;;1;0;0;0;0;0;external;off;ColorSketch;Color_1;1546961463928;1546961943949;NA;NA;1546961707751;1546961709207;1.4561048
1546961709941;Textual2019-13;1837;3870;6510;16275;0;;;0;;;1;0;0;0;0;0;external;off;ColorSketch;Color_1;1546961463928;1546961943949;NA;NA;1546961709998;1546961710008;0.0099724
1546961711617;Textual2019-13;38;38;45;45;0;;;0;;;1;0;0;0;0;0;external;off;Semantic;Color_1;1546961463928;1546961943949;NA;NA;1546961711670;1546961712513;0.8427465
1546961733077;Textual2019-13;338;-1;465;37881;0;;;0;;;1;0;0;0;0;0;external;off;Semantic;External_1;1546961463928;1546961943949;NA;NA;1546961733108;1546961733121;0.0129675
1546961738998;Textual2019-13;1391;-1;2149;285790;0;;;0;;;0;0;0;0;0;0;external;off;Semantic;Color_1;1546961463928;1546961943949;NA;NA;1546961739059;1546961739075;0.0159578
1546961747462;Textual2019-13;251;-1;423;-1;1;microphone;606;0;;;0;0;0;0;0;0;external;off;Keyword;KW_1;1546961463928;1546961943949;NA;NA;1546961747513;1546961747519;0.0059905
1546961775169;Textual2019-13;29;-1;31;-1;1;microphone;606;0;;;0;0;0;0;0;0;external;off;Semantic;External_1;1546961463928;1546961943949;NA;NA;1546961775232;1546961778964;3.7320232
1546961827271;Textual2019-13;277;-1;424;-1;1;microphone;606;0;;;1;0;0;0;0;0;external;off;ColorSketch;Color_1;1546961463928;1546961943949;NA;NA;1546961827326;1546961830739;3.4125495
1546961838574;Textual2019-13;473;-1;769;-1;1;microphone;606;0;;;1;0;0;0;0;0;external;off;Semantic;External_1;1546961463928;1546961943949;NA;NA;1546961838638;1546961838639;0.0009679
1546961850624;Textual2019-13;-1;-1;-1;-1;1;microphone;606;0;;;1;0;1;0;0;0;external;off;ColorSketch;Face_1;1546961463928;1546961943949;NA;NA;1546961850687;1546961850696;0.0089753
1546961854748;Textual2019-13;388;-1;639;-1;1;microphone;606;0;;;1;0;0;0;0;0;external;off;ColorSketch;Face_1;1546961463928;1546961943949;NA;NA;1546961854811;1546961854821;0.0099756
1546961856552;Textual2019-13;-1;-1;-1;-1;1;microphone;606;0;;;1;0;0;1;0;0;external;off;ColorSketch;Face_2;1546961463928;1546961943949;NA;NA;1546961856608;1546961856617;0.0089749
1546961858674;Textual2019-13;-1;-1;-1;-1;1;microphone;606;0;;;1;0;0;1;0;0;external;off;ColorSketch;Face_2;1546961463928;1546961943949;NA;NA;1546961858733;1546961858743;0.0099724
1546961876639;Textual2019-13;473;-1;769;-1;1;microphone;606;0;;;1;0;0;0;0;0;external;off;Semantic;Face_2;1546961463928;1546961943949;NA;NA;1546961876699;1546961899442;22.7429895
1546961925888;Textual2019-13;778;-1;1232;-1;1;microphone;606;0;;;1;0;0;0;0;0;on;off;Semantic;Semantic_1|External_1;1546961463928;1546961943949;NA;NA;1546961925919;1546961925927;0.0079801
1546961942478;Textual2019-13;1223;-1;1948;-1;1;microphone;606;0;;;2;0;0;0;0;0;on;off;ColorSketch;Color_1;1546961463928;1546961943949;NA;NA;1546961942530;1546961942541;0.0109695
1546961976001;Textual2019-14;NA;NA;NA;NA;0;;;0;;;1;0;0;0;0;0;off;off;ColorSketch;Color_1;1546961993046;1546962473061;1546962110128;FALSE;1546961976061;1546961977058;0.9974279
1546961978618;Textual2019-14;NA;NA;NA;NA;0;;;0;;;1;0;0;0;0;0;off;off;ColorSketch;Color_1;1546961993046;1546962473061;1546962110128;FALSE;1546961978670;1546961978716;0.0458778
1546961980474;Textual2019-14;NA;NA;NA;NA;0;;;0;;;0;0;0;0;0;0;off;off;None;Color_1;1546961993046;1546962473061;1546962110128;FALSE;1546961980529;1546961980532;0.0029185
1546961984464;Textual2019-14;NA;NA;NA;NA;0;;;0;;;1;0;0;0;0;0;off;off;ColorSketch;Color_1;1546961993046;1546962473061;1546962110128;FALSE;1546961984526;1546961988656;4.1295945
1546961990019;Textual2019-14;NA;NA;NA;NA;0;;;0;;;1;0;0;0;0;0;off;off;ColorSketch;Color_1;1546961993046;1546962473061;1546962110128;FALSE;1546961990074;1546961990119;0.0448065
1546961994920;Textual2019-14;1589;-1;97339;97560;0;;;0;;;0;0;0;0;0;0;off;off;None;Color_1;1546961993046;1546962473061;1546962110128;FALSE;1546961994950;1546961994959;0.0089781
1546962010968;Textual2019-14;774;1376;1273;2613;1;desert;1086;0;;;0;0;0;0;0;0;off;off;Keyword;KW_1;1546961993046;1546962473061;1546962110128;FALSE;1546962011031;1546962011037;0.0059816
1546962014634;Textual2019-14;44;44;57;57;1;desert;1086;1;street;809;0;0;0;0;0;0;off;off;Keyword;KW_2;1546961993046;1546962473061;1546962110128;FALSE;1546962014688;1546962014694;0.0059854
1546962053482;Textual2019-14;151;298;293;619;1;desert;1086+284;1;street;809;0;0;0;0;0;0;off;off;Keyword;KW_1;1546961993046;1546962473061;1546962110128;FALSE;1546962053547;1546962053552;0.0049846
1546962056010;Textual2019-14;11;11;11;11;2;desert AND bicycle;1086|284;1;street;809;0;0;0;0;0;0;off;off;Keyword;;1546961993046;1546962473061;1546962110128;FALSE;1546962056079;1546962056085;0.0060016
1546962095448;Textual2019-14;1;1;1;1;2;desert AND bicycle;1086|284;1;street;809;0;0;0;0;0;0;external;off;Keyword;External_1;1546961993046;1546962473061;1546962110128;FALSE;1546962095499;1546962098330;2.8304807
1546962308231;Textual2019-14;1589;-1;97339;97560;0;;;0;;;0;0;0;0;0;0;off;off;None;KW_1|External_1|KW_2;1546961993046;1546962473061;1546962110128;TRUE;1546962308262;1546962308268;0.0059822
1546962916780;Textual2019-15;76;-1;275;1075;0;;;0;;;0;0;0;0;0;0;external;off;Semantic;External_1;1546962894788;1546963374828;NA;NA;1546962916842;1546962916843;0.0010004
1546962939627;Textual2019-15;26;-1;53;235;1;person;0+1136+1137+1160+1196+1138+1139+1147+1149+1159+1183+1186+1172+1188+1140+1141+1142+1145+1148+1157+1168+1185+1143+1178+1187+1144+1173+1193+1150+1166+1151+1190+1175+1177+1191+1152+1180+1153+1164+1165+1154+1155+1174+1167+1184+1195+1170+1181+1156+1158+1161+1171+1194+1162+1163+1169+1176+1179+1182+1189+1192;0;;;0;0;0;0;0;0;external;off;Semantic;KW_1;1546962894788;1546963374828;NA;NA;1546962939683;1546962946036;6.3532573
1546962959702;Textual2019-15;52;-1;60;6846;1;person;0+1136+1137+1160+1196+1138+1139+1147+1149+1159+1183+1186+1172+1188+1140+1141+1142+1145+1148+1157+1168+1185+1143+1178+1187+1144+1173+1193+1150+1166+1151+1190+1175+1177+1191+1152+1180+1153+1164+1165+1154+1155+1174+1167+1184+1195+1170+1181+1156+1158+1161+1171+1194+1162+1163+1169+1176+1179+1182+1189+1192+301;0;;;0;0;0;0;0;0;external;off;Keyword;KW_1;1546962894788;1546963374828;NA;NA;1546962959761;1546962959769;0.0079791
1546962961338;Textual2019-15;137;-1;211;426;2;person AND bookshelf;0+1136+1137+1160+1196+1138+1139+1147+1149+1159+1183+1186+1172+1188+1140+1141+1142+1145+1148+1157+1168+1185+1143+1178+1187+1144+1173+1193+1150+1166+1151+1190+1175+1177+1191+1152+1180+1153+1164+1165+1154+1155+1174+1167+1184+1195+1170+1181+1156+1158+1161+1171+1194+1162+1163+1169+1176+1179+1182+1189+1192|301;0;;;0;0;0;0;0;0;external;off;Keyword;;1546962894788;1546963374828;NA;NA;1546962961389;1546962961395;0.0059849
1546962962764;Textual2019-15;140;-1;214;439;2;person AND bookshelf;0+1136+1137+1160+1196+1138+1139+1147+1149+1159+1183+1186+1172+1188+1140+1141+1142+1145+1148+1157+1168+1185+1143+1178+1187+1144+1173+1193+1150+1166+1151+1190+1175+1177+1191+1152+1180+1153+1164+1165+1154+1155+1174+1167+1184+1195+1170+1181+1156+1158+1161+1171+1194+1162+1163+1169+1176+1179+1182+1189+1192|301;0;;;0;0;0;0;0;0;off;off;Keyword;External_1;1546962894788;1546963374828;NA;NA;1546962962799;1546962962805;0.0059544
1546962966418;Textual2019-15;127;-1;200;390;2;person AND bookshelf;0+1136+1137+1160+1196+1138+1139+1147+1149+1159+1183+1186+1172+1188+1140+1141+1142+1145+1148+1157+1168+1185+1143+1178+1187+1144+1173+1193+1150+1166+1151+1190+1175+1177+1191+1152+1180+1153+1164+1165+1154+1155+1174+1167+1184+1195+1170+1181+1156+1158+1161+1171+1194+1162+1163+1169+1176+1179+1182+1189+1192|301;0;;;0;0;0;0;0;0;external;off;Keyword;External_1;1546962894788;1546963374828;NA;NA;1546962966470;1546962970582;4.1120909
1546962976551;Textual2019-15;-1;-1;-1;-1;2;person AND bookshelf;0+1136+1137+1160+1196+1138+1139+1147+1149+1159+1183+1186+1172+1188+1140+1141+1142+1145+1148+1157+1168+1185+1143+1178+1187+1144+1173+1193+1150+1166+1151+1190+1175+1177+1191+1152+1180+1153+1164+1165+1154+1155+1174+1167+1184+1195+1170+1181+1156+1158+1161+1171+1194+1162+1163+1169+1176+1179+1182+1189+1192|301;0;;;1;0;0;0;0;0;external;off;ColorSketch;Color_1;1546962894788;1546963374828;NA;NA;1546962976607;1546962976615;0.0079717
1546962978354;Textual2019-15;-1;-1;-1;-1;2;person AND bookshelf;0+1136+1137+1160+1196+1138+1139+1147+1149+1159+1183+1186+1172+1188+1140+1141+1142+1145+1148+1157+1168+1185+1143+1178+1187+1144+1173+1193+1150+1166+1151+1190+1175+1177+1191+1152+1180+1153+1164+1165+1154+1155+1174+1167+1184+1195+1170+1181+1156+1158+1161+1171+1194+1162+1163+1169+1176+1179+1182+1189+1192|301;0;;;1;0;0;0;0;0;external;off;Keyword;Color_1;1546962894788;1546963374828;NA;NA;1546962978406;1546962992693;14.2866523
1546963001717;Textual2019-15;-1;-1;-1;-1;2;person AND bookshelf;0+1136+1137+1160+1196+1138+1139+1147+1149+1159+1183+1186+1172+1188+1140+1141+1142+1145+1148+1157+1168+1185+1143+1178+1187+1144+1173+1193+1150+1166+1151+1190+1175+1177+1191+1152+1180+1153+1164+1165+1154+1155+1174+1167+1184+1195+1170+1181+1156+1158+1161+1171+1194+1162+1163+1169+1176+1179+1182+1189+1192|301;0;;;1;0;0;0;0;0;off;off;Keyword;External_1;1546962894788;1546963374828;NA;NA;1546963001753;1546963001753;0
1546963005813;Textual2019-15;8956;-1;41043;-1;0;;;0;;;1;0;0;0;0;0;off;off;ColorSketch;KW_1;1546962894788;1546963374828;NA;NA;1546963005873;1546963005889;0.0159583
1546963008797;Textual2019-15;37;-1;208;-1;0;;;0;;;1;0;0;0;0;0;external;off;Semantic;External_1;1546962894788;1546963374828;NA;NA;1546963008855;1546963008872;0.0169535
1546963040362;Textual2019-15;114;-1;736;3122;0;;;0;;;0;0;0;0;0;0;external;off;Semantic;Color_1;1546962894788;1546963374828;NA;NA;1546963040419;1546963040436;0.016954
1546963045511;Textual2019-15;3314;-1;6820;-1;0;;;0;;;1;0;0;0;0;0;external;off;ColorSketch;Color_1;1546962894788;1546963374828;NA;NA;1546963045575;1546963045623;0.0478725
1546963046579;Textual2019-15;37;-1;169;-1;0;;;0;;;1;0;0;0;0;0;external;off;Semantic;Color_1;1546962894788;1546963374828;NA;NA;1546963046638;1546963048050;1.4122244
1546963067664;Textual2019-15;17;-1;23;-1;0;;;1;person;0+1136+1137+1160+1196+1138+1139+1147+1149+1159+1183+1186+1172+1188+1140+1141+1142+1145+1148+1157+1168+1185+1143+1178+1187+1144+1173+1193+1150+1166+1151+1190+1175+1177+1191+1152+1180+1153+1164+1165+1154+1155+1174+1167+1184+1195+1170+1181+1156+1158+1161+1171+1194+1162+1163+1169+1176+1179+1182+1189+1192;1;0;0;0;0;0;external;off;Semantic;KW_2;1546962894788;1546963374828;NA;NA;1546963067725;1546963067734;0.0089507
1546963097216;Textual2019-15;1293;-1;2189;-1;0;;;1;person;0+1136+1137+1160+1196+1138+1139+1147+1149+1159+1183+1186+1172+1188+1140+1141+1142+1145+1148+1157+1168+1185+1143+1178+1187+1144+1173+1193+1150+1166+1151+1190+1175+1177+1191+1152+1180+1153+1164+1165+1154+1155+1174+1167+1184+1195+1170+1181+1156+1158+1161+1171+1194+1162+1163+1169+1176+1179+1182+1189+1192;1;0;0;0;0;0;external;off;Semantic;External_1;1546962894788;1546963374828;NA;NA;1546963097252;1546963097253;0.0009966
1546963100719;Textual2019-15;5404;-1;15969;72730;0;;;1;person;0+1136+1137+1160+1196+1138+1139+1147+1149+1159+1183+1186+1172+1188+1140+1141+1142+1145+1148+1157+1168+1185+1143+1178+1187+1144+1173+1193+1150+1166+1151+1190+1175+1177+1191+1152+1180+1153+1164+1165+1154+1155+1174+1167+1184+1195+1170+1181+1156+1158+1161+1171+1194+1162+1163+1169+1176+1179+1182+1189+1192;0;0;0;0;0;0;external;off;Semantic;Color_1;1546962894788;1546963374828;NA;NA;1546963100788;1546963100797;0.0090008
1546963103397;Textual2019-15;75;-1;208;46475;1;person;0+1136+1137+1160+1196+1138+1139+1147+1149+1159+1183+1186+1172+1188+1140+1141+1142+1145+1148+1157+1168+1185+1143+1178+1187+1144+1173+1193+1150+1166+1151+1190+1175+1177+1191+1152+1180+1153+1164+1165+1154+1155+1174+1167+1184+1195+1170+1181+1156+1158+1161+1171+1194+1162+1163+1169+1176+1179+1182+1189+1192;1;person;0+1136+1137+1160+1196+1138+1139+1147+1149+1159+1183+1186+1172+1188+1140+1141+1142+1145+1148+1157+1168+1185+1143+1178+1187+1144+1173+1193+1150+1166+1151+1190+1175+1177+1191+1152+1180+1153+1164+1165+1154+1155+1174+1167+1184+1195+1170+1181+1156+1158+1161+1171+1194+1162+1163+1169+1176+1179+1182+1189+1192;0;0;0;0;0;0;external;off;Keyword;KW_1;1546962894788;1546963374828;NA;NA;1546963103450;1546963103456;0.0060174
1546963106651;Textual2019-15;3778;-1;44920;45071;0;;;1;person;0+1136+1137+1160+1196+1138+1139+1147+1149+1159+1183+1186+1172+1188+1140+1141+1142+1145+1148+1157+1168+1185+1143+1178+1187+1144+1173+1193+1150+1166+1151+1190+1175+1177+1191+1152+1180+1153+1164+1165+1154+1155+1174+1167+1184+1195+1170+1181+1156+1158+1161+1171+1194+1162+1163+1169+1176+1179+1182+1189+1192;0;0;0;0;0;0;external;off;None;KW_1;1546962894788;1546963374828;NA;NA;1546963106703;1546963106711;0.0079782
1546963108955;Textual2019-15;11170;-1;56944;-1;1;woman;1196;1;person;0+1136+1137+1160+1196+1138+1139+1147+1149+1159+1183+1186+1172+1188+1140+1141+1142+1145+1148+1157+1168+1185+1143+1178+1187+1144+1173+1193+1150+1166+1151+1190+1175+1177+1191+1152+1180+1153+1164+1165+1154+1155+1174+1167+1184+1195+1170+1181+1156+1158+1161+1171+1194+1162+1163+1169+1176+1179+1182+1189+1192;0;0;0;0;0;0;external;off;Keyword;KW_1;1546962894788;1546963374828;NA;NA;1546963109013;1546963109014;0.000998
1546963116092;Textual2019-15;2152;-1;4103;-1;1;woman;1196+301;1;person;0+1136+1137+1160+1196+1138+1139+1147+1149+1159+1183+1186+1172+1188+1140+1141+1142+1145+1148+1157+1168+1185+1143+1178+1187+1144+1173+1193+1150+1166+1151+1190+1175+1177+1191+1152+1180+1153+1164+1165+1154+1155+1174+1167+1184+1195+1170+1181+1156+1158+1161+1171+1194+1162+1163+1169+1176+1179+1182+1189+1192;0;0;0;0;0;0;external;off;Keyword;KW_1;1546962894788;1546963374828;NA;NA;1546963116154;1546963116170;0.0159578
1546963117522;Textual2019-15;3437;-1;4948;-1;2;woman AND bookshelf;1196|301;1;person;0+1136+1137+1160+1196+1138+1139+1147+1149+1159+1183+1186+1172+1188+1140+1141+1142+1145+1148+1157+1168+1185+1143+1178+1187+1144+1173+1193+1150+1166+1151+1190+1175+1177+1191+1152+1180+1153+1164+1165+1154+1155+1174+1167+1184+1195+1170+1181+1156+1158+1161+1171+1194+1162+1163+1169+1176+1179+1182+1189+1192;0;0;0;0;0;0;external;off;Keyword;;1546962894788;1546963374828;NA;NA;1546963117577;1546963117583;0.0059858
1546963125151;Textual2019-15;-1;-1;-1;-1;2;woman AND bookshelf;1196|301;1;person;0+1136+1137+1160+1196+1138+1139+1147+1149+1159+1183+1186+1172+1188+1140+1141+1142+1145+1148+1157+1168+1185+1143+1178+1187+1144+1173+1193+1150+1166+1151+1190+1175+1177+1191+1152+1180+1153+1164+1165+1154+1155+1174+1167+1184+1195+1170+1181+1156+1158+1161+1171+1194+1162+1163+1169+1176+1179+1182+1189+1192;1;0;0;0;0;0;external;off;ColorSketch;Color_1;1546962894788;1546963374828;NA;NA;1546963125218;1546963125225;0.0069806
1546963126315;Textual2019-15;-1;-1;-1;-1;2;woman AND bookshelf;1196|301;1;person;0+1136+1137+1160+1196+1138+1139+1147+1149+1159+1183+1186+1172+1188+1140+1141+1142+1145+1148+1157+1168+1185+1143+1178+1187+1144+1173+1193+1150+1166+1151+1190+1175+1177+1191+1152+1180+1153+1164+1165+1154+1155+1174+1167+1184+1195+1170+1181+1156+1158+1161+1171+1194+1162+1163+1169+1176+1179+1182+1189+1192;1;0;0;0;0;0;external;off;Keyword;Color_1;1546962894788;1546963374828;NA;NA;1546963126374;1546963127424;1.0501644
1546963146349;Textual2019-15;8;-1;5331;-1;0;woman;;1;person;0+1136+1137+1160+1196+1138+1139+1147+1149+1159+1183+1186+1172+1188+1140+1141+1142+1145+1148+1157+1168+1185+1143+1178+1187+1144+1173+1193+1150+1166+1151+1190+1175+1177+1191+1152+1180+1153+1164+1165+1154+1155+1174+1167+1184+1195+1170+1181+1156+1158+1161+1171+1194+1162+1163+1169+1176+1179+1182+1189+1192;1;0;0;0;0;0;external;off;None;KW_1;1546962894788;1546963374828;NA;NA;1546963146405;1546963146412;0.006983
1546963153075;Textual2019-15;3778;-1;44920;45071;0;woman;;1;person;0+1136+1137+1160+1196+1138+1139+1147+1149+1159+1183+1186+1172+1188+1140+1141+1142+1145+1148+1157+1168+1185+1143+1178+1187+1144+1173+1193+1150+1166+1151+1190+1175+1177+1191+1152+1180+1153+1164+1165+1154+1155+1174+1167+1184+1195+1170+1181+1156+1158+1161+1171+1194+1162+1163+1169+1176+1179+1182+1189+1192;0;0;0;0;0;0;external;off;None;Color_1;1546962894788;1546963374828;NA;NA;1546963153137;1546963153145;0.0079814
1546963157640;Textual2019-15;118;-1;166;-1;1;bookshelf;301;1;person;0+1136+1137+1160+1196+1138+1139+1147+1149+1159+1183+1186+1172+1188+1140+1141+1142+1145+1148+1157+1168+1185+1143+1178+1187+1144+1173+1193+1150+1166+1151+1190+1175+1177+1191+1152+1180+1153+1164+1165+1154+1155+1174+1167+1184+1195+1170+1181+1156+1158+1161+1171+1194+1162+1163+1169+1176+1179+1182+1189+1192;0;0;0;0;0;0;external;off;Keyword;KW_1;1546962894788;1546963374828;NA;NA;1546963157710;1546963157719;0.0089419
1546963162031;Textual2019-15;105;-1;159;-1;1;bookshelf;301;1;person;0+1136+1137+1160+1196+1138+1139+1147+1149+1159+1183+1186+1172+1188+1140+1141+1142+1145+1148+1157+1168+1185+1143+1178+1187+1144+1173+1193+1150+1166+1151+1190+1175+1177+1191+1152+1180+1153+1164+1165+1154+1155+1174+1167+1184+1195+1170+1181+1156+1158+1161+1171+1194+1162+1163+1169+1176+1179+1182+1189+1192;0;0;1;0;0;0;external;off;Keyword;Face_1;1546962894788;1546963374828;NA;NA;1546963162093;1546963166069;3.975501
1546963231054;Textual2019-15;10;-1;30;360;1;bookshelf;301;1;person;0+1136+1137+1160+1196+1138+1139+1147+1149+1159+1183+1186+1172+1188+1140+1141+1142+1145+1148+1157+1168+1185+1143+1178+1187+1144+1173+1193+1150+1166+1151+1190+1175+1177+1191+1152+1180+1153+1164+1165+1154+1155+1174+1167+1184+1195+1170+1181+1156+1158+1161+1171+1194+1162+1163+1169+1176+1179+1182+1189+1192;0;0;1;0;0;0;on;off;Semantic;Semantic_1|External_1;1546962894788;1546963374828;NA;NA;1546963231055;1546963231139;0.0837765
1546963276404;Textual2019-15;0;-1;0;861;1;bookshelf;301;1;person;0+1136+1137+1160+1196+1138+1139+1147+1149+1159+1183+1186+1172+1188+1140+1141+1142+1145+1148+1157+1168+1185+1143+1178+1187+1144+1173+1193+1150+1166+1151+1190+1175+1177+1191+1152+1180+1153+1164+1165+1154+1155+1174+1167+1184+1195+1170+1181+1156+1158+1161+1171+1194+1162+1163+1169+1176+1179+1182+1189+1192;0;0;1;0;0;0;on;off;Semantic;Semantic_1;1546962894788;1546963374828;NA;NA;1546963276440;1546963276448;0.0079786
1546963300936;Textual2019-15;3607;3607;444066;444122;0;;;0;;;0;0;0;0;0;0;off;off;None;KW_1|Face_1|Semantic_1|KW_2;1546962894788;1546963374828;NA;NA;1546963301005;1546963301010;0.0049869
1546963367868;Textual2019-15;83;-1;106;3058;1;;301;0;;;0;0;0;0;0;0;off;off;Keyword;KW_1;1546962894788;1546963374828;NA;NA;1546963367920;1546963367939;0.0189487
1546963371615;Textual2019-15;113;-1;243;808;1;;301;0;;;0;0;1;0;0;0;off;off;Keyword;Face_1;1546962894788;1546963374828;NA;NA;1546963371672;1546963376857;5.1853194
1547043542388;Visual2019-25;772;-1;1763;5217;0;;;0;;;0;0;0;0;0;0;external;off;Semantic;External_1;1547043528808;1547043829009;1547043653319;FALSE;1547043542439;1547043542458;0.0199221
1547043550185;Visual2019-25;1577;-1;193694;194486;0;;;0;;;0;0;0;0;0;0;off;off;None;External_1;1547043528808;1547043829009;1547043653319;FALSE;1547043550249;1547043550252;0.0029945
1547043562845;Visual2019-25;395;395;853;853;0;;;0;;;0;0;0;0;0;0;external;off;Semantic;External_1;1547043528808;1547043829009;1547043653319;FALSE;1547043562902;1547043562916;0.0139655
1547043571015;Visual2019-25;395;395;853;853;0;;;1;beach;1097;0;0;0;0;0;0;external;off;Semantic;KW_2;1547043528808;1547043829009;1547043653319;FALSE;1547043571074;1547043571083;0.0090101
1547043593469;Visual2019-25;1577;-1;193694;194486;0;;;1;beach;1097;0;0;0;0;0;0;off;off;None;External_1;1547043528808;1547043829009;1547043653319;FALSE;1547043593526;1547043593547;0.020947
1547043594671;Visual2019-25;1577;-1;193694;194486;0;;;0;;;0;0;0;0;0;0;off;off;None;KW_2;1547043528808;1547043829009;1547043653319;FALSE;1547043594700;1547043594718;0.0179181
1547043597540;Visual2019-25;247;-1;347;1821;1;beach;1097;0;;;0;0;0;0;0;0;off;off;Keyword;KW_1;1547043528808;1547043829009;1547043653319;FALSE;1547043597590;1547043597595;0.0049206
1547043610664;Visual2019-25;357;-1;465;5139;1;beach;1097;1;baby buggy;249;0;0;0;0;0;0;off;off;Keyword;KW_2;1547043528808;1547043829009;1547043653319;FALSE;1547043610715;1547043610723;0.0079407
1547043628026;Visual2019-25;1577;-1;193694;194486;0;;;1;baby buggy;249;0;0;0;0;0;0;off;off;None;KW_1;1547043528808;1547043829009;1547043653319;FALSE;1547043628089;1547043628107;0.0179552
1547043633759;Visual2019-25;6417;6417;16519;16519;1;waterfall;1135;1;baby buggy;249;0;0;0;0;0;0;off;off;Keyword;KW_1;1547043528808;1547043829009;1547043653319;FALSE;1547043633811;1547043633816;0.0050185
1547043635730;Visual2019-25;1495;1495;3787;3787;1;waterfall;1135;0;;;0;0;0;0;0;0;off;off;Keyword;KW_2;1547043528808;1547043829009;1547043653319;FALSE;1547043635793;1547043635807;0.0139279
1547043638590;Visual2019-25;160;160;216;216;1;waterfall;1135;1;beach;1097;0;0;0;0;0;0;off;off;Keyword;KW_2;1547043528808;1547043829009;1547043653319;FALSE;1547043638652;1547043638659;0.0079444
1547043755168;Visual2019-25;1577;-1;193694;194486;0;;;0;;;0;0;0;0;0;0;off;off;None;KW_1|KW_2;1547043528808;1547043829009;1547043653319;TRUE;1547043755211;1547043755230;0.0189477
1547043771335;Visual2019-25;1495;1495;3787;3787;1;waterfall;1135;0;;;0;0;0;0;0;0;off;off;Keyword;KW_1;1547043528808;1547043829009;1547043653319;TRUE;1547043771390;1547043771391;0.0009744
1547043775088;Visual2019-25;1013;2076;1720;3974;1;waterfall;1135;0;;;1;0;0;0;0;0;off;off;ColorSketch;Color_1;1547043528808;1547043829009;1547043653319;TRUE;1547043775140;1547043783591;8.4508563
1547043784250;Visual2019-25;127;127;194;194;1;waterfall;1135;0;;;1;0;0;0;0;0;off;off;Keyword;Color_1;1547043528808;1547043829009;1547043653319;TRUE;1547043784310;1547043785935;1.6247675
1547043806543;Visual2019-25;10;10;11;11;1;waterfall;1135;0;;;2;0;0;0;0;0;off;off;ColorSketch;Color_1;1547043528808;1547043829009;1547043653319;TRUE;1547043806607;1547043806654;0.0478725
1547044521715;Visual2019-24;10377;-1;980920;981552;0;;;0;;;0;0;0;0;0;0;off;off;None;KW_1|External_1;1547044541133;1547044841162;NA;NA;1547044521745;1547044521754;0.0089507
1547044559582;Visual2019-24;266;266;510;510;0;;;0;;;1;0;0;0;0;0;off;off;ColorSketch;Color_1;1547044541133;1547044841162;NA;NA;1547044559637;1547044559687;0.0498657
1547044561362;Visual2019-24;237;237;437;437;0;;;0;;;1;0;0;0;0;0;off;off;ColorSketch;Color_1;1547044541133;1547044841162;NA;NA;1547044561417;1547044561443;0.0259316
1547044566529;Visual2019-24;281;1013;442;2264;0;;;0;;;1;0;0;0;0;0;on;off;Semantic;Semantic_1;1547044541133;1547044841162;NA;NA;1547044566594;1547044566614;0.0199471
1547044585233;Visual2019-24;10377;-1;980920;981552;0;;;0;;;0;0;0;0;0;0;off;off;None;Color_1|Semantic_1;1547044541133;1547044841162;NA;NA;1547044585263;1547044585271;0.0079522
1547044586605;Visual2019-24;2142;-1;62042;62111;0;;;0;;;0;0;1;0;0;0;off;off;ColorSketch;Face_1;1547044541133;1547044841162;NA;NA;1547044586669;1547044586687;0.0179543
1547044588302;Visual2019-24;6061;6152;14162;14258;0;;;0;;;0;0;2;0;0;0;off;off;ColorSketch;Face_1;1547044541133;1547044841162;NA;NA;1547044588358;1547044588370;0.011968
1547044590842;Visual2019-24;8761;-1;48928;48928;0;;;0;;;0;0;2;0;0;0;off;off;ColorSketch;Face_1;1547044541133;1547044841162;NA;NA;1547044590904;1547044590921;0.0169586
1547044597748;Visual2019-24;2142;-1;62042;62111;0;;;0;;;0;0;1;0;0;0;off;off;ColorSketch;Face_1;1547044541133;1547044841162;NA;NA;1547044597811;1547044597812;0.0009971
1547044598906;Visual2019-24;7366;-1;111074;111772;0;;;0;;;0;0;1;0;0;0;off;off;ColorSketch;Face_1;1547044541133;1547044841162;NA;NA;1547044598966;1547044598980;0.0139497
1547044600321;Visual2019-24;7053;-1;25068;25316;0;;;0;;;0;0;1;0;0;0;off;off;ColorSketch;Face_1;1547044541133;1547044841162;NA;NA;1547044600381;1547044600393;0.0119327
1547044604040;Visual2019-24;7053;-1;25068;25316;0;;;0;;;0;0;1;0;0;0;off;off;ColorSketch;;1547044541133;1547044841162;NA;NA;1547044604091;1547044605023;0.932487
1547044609215;Visual2019-24;488;488;850;850;0;;;0;;;1;0;1;0;0;0;off;off;ColorSketch;Color_1;1547044541133;1547044841162;NA;NA;1547044609278;1547044609327;0.0498319
1547044610442;Visual2019-24;1915;2212;4052;4807;0;;;0;;;1;0;1;0;0;0;off;off;ColorSketch;Color_1;1547044541133;1547044841162;NA;NA;1547044610505;1547044611420;0.914503
1547044614687;Visual2019-24;961;1935;1664;4031;0;;;0;;;2;0;1;0;0;0;off;off;ColorSketch;Color_1;1547044541133;1547044841162;NA;NA;1547044614749;1547044615685;0.9362193
1547044635131;Visual2019-24;695;1355;1206;2515;0;;;0;;;2;0;1;0;0;0;on;off;Semantic;Semantic_1;1547044541133;1547044841162;NA;NA;1547044635189;1547044635205;0.015956
1547044649458;Visual2019-24;232;354;281;442;1;party;1081+1082;0;;;2;0;1;0;0;0;on;off;ColorSketch;KW_1;1547044541133;1547044841162;NA;NA;1547044649515;1547044652721;3.206029
1547044668153;Visual2019-24;309;1536;362;2644;1;party;1081+1082;0;;;2;0;1;0;0;0;on;off;Semantic;Semantic_1;1547044541133;1547044841162;NA;NA;1547044668219;1547044668227;0.0079791
1547044689281;Visual2019-24;879;898;1172;1204;1;party;1081+1082;0;;;2;0;1;0;0;0;on;off;Semantic;Semantic_1;1547044541133;1547044841162;NA;NA;1547044689282;1547044689290;0.0079773
1547044692120;Visual2019-24;10377;-1;980920;981552;0;;;0;;;0;0;0;0;0;0;off;off;None;KW_1|Color_1|Face_1|Semantic_1;1547044541133;1547044841162;NA;NA;1547044692157;1547044692160;0.0029904
1547044696799;Visual2019-24;4282;-1;16151;-1;0;;;0;;;1;0;0;0;0;0;off;off;ColorSketch;Color_1;1547044541133;1547044841162;NA;NA;1547044696858;1547044696903;0.0448821
1547044698290;Visual2019-24;-1;-1;-1;-1;0;;;0;;;1;0;0;0;0;0;off;off;ColorSketch;Color_1;1547044541133;1547044841162;NA;NA;1547044698342;1547044698383;0.0408914
1547044703862;Visual2019-24;394;394;568;568;0;;;0;;;2;0;0;0;0;0;off;off;ColorSketch;Color_1;1547044541133;1547044841162;NA;NA;1547044703917;1547044703930;0.0129655
1547044705106;Visual2019-24;304;304;448;448;0;;;0;;;2;0;0;0;0;0;off;off;ColorSketch;Color_1;1547044541133;1547044841162;NA;NA;1547044705169;1547044705215;0.0458041
1547044761906;Visual2019-24;10377;-1;980920;981552;0;;;0;;;0;0;0;0;0;0;off;off;None;Color_1;1547044541133;1547044841162;NA;NA;1547044761933;1547044761954;0.0209461
1547044764664;Visual2019-24;10;-1;12;2158;1;camera;331;0;;;0;0;0;0;0;0;off;off;Keyword;KW_1;1547044541133;1547044841162;NA;NA;1547044764715;1547044764726;0.0109046
1547044770769;Visual2019-24;-1;-1;-1;-1;1;camera;331;0;;;1;0;0;0;0;0;off;off;ColorSketch;Color_1;1547044541133;1547044841162;NA;NA;1547044770825;1547044770869;0.0438785
1547044772130;Visual2019-24;-1;-1;-1;-1;1;camera;331;0;;;1;0;0;0;0;0;off;off;Keyword;Color_1;1547044541133;1547044841162;NA;NA;1547044772185;1547044772946;0.7609656
1547044790200;Visual2019-24;-1;-1;-1;-1;1;camera;331;0;;;1;0;0;0;0;0;external;off;Semantic;External_1;1547044541133;1547044841162;NA;NA;1547044790251;1547044790261;0.0099756
1547044798887;Visual2019-24;-1;-1;-1;-1;1;camera;331;0;;;1;0;0;0;0;0;on;off;Semantic;Semantic_1|External_1;1547044541133;1547044841162;NA;NA;1547044798918;1547044798932;0.0139274
1547044803217;Visual2019-24;10;-1;12;2158;1;camera;331;0;;;0;0;0;0;0;0;off;off;Keyword;Color_1|Semantic_1;1547044541133;1547044841162;NA;NA;1547044803251;1547044804000;0.7489229
1547044829336;Visual2019-24;549;-1;853;7916;1;camera;331+1078;0;;;0;0;0;0;0;0;off;off;Keyword;KW_1;1547044541133;1547044841162;NA;NA;1547044829387;1547044829394;0.0070066
1547044830715;Visual2019-24;352;1095;410;1451;2;camera AND crowd;331|1078;0;;;0;0;0;0;0;0;off;off;Keyword;;1547044541133;1547044841162;NA;NA;1547044830778;1547044830784;0.006023
1547046105528;Visual2019-23;12167;-1;755372;755396;0;;;0;;;0;0;0;0;0;0;off;off;None;Color_1|External_1;1547046111461;1547046411515;1547046288285;FALSE;1547046105559;1547046105564;0.0049846
1547046135569;Visual2019-23;651;651;970;970;1;tunnel;355;0;;;0;0;0;0;0;0;off;off;Keyword;KW_1;1547046111461;1547046411515;1547046288285;FALSE;1547046135620;1547046135631;0.0109018
1547046139890;Visual2019-23;5682;7844;14728;23963;1;tunnel;355;0;;;0;0;0;0;0;0;on;off;Semantic;Semantic_1;1547046111461;1547046411515;1547046288285;FALSE;1547046139950;1547046139963;0.0128913
1547046147459;Visual2019-23;5363;9601;12363;29087;1;tunnel;355;0;;;0;0;0;0;0;0;on;off;Semantic;Semantic_1;1547046111461;1547046411515;1547046288285;FALSE;1547046147490;1547046147503;0.0129656
1547046167014;Visual2019-23;3910;3910;8374;8374;1;tunnel;355;0;;;0;0;0;0;0;0;on;off;Semantic;Semantic_1;1547046111461;1547046411515;1547046288285;FALSE;1547046167042;1547046167058;0.0159147
1547046183557;Visual2019-23;3555;3555;8980;8980;1;tunnel;355;0;;;0;0;0;0;0;0;on;off;Semantic;Semantic_1;1547046111461;1547046411515;1547046288285;FALSE;1547046183594;1547046183610;0.0159606
1547046197072;Visual2019-23;1605;1605;2370;2370;1;tunnel;355;0;;;0;0;0;1;0;0;on;off;Semantic;Face_2;1547046111461;1547046411515;1547046288285;FALSE;1547046197123;1547046197155;0.0319151
1547046203039;Visual2019-23;227;227;277;277;1;tunnel;355;0;;;0;1;0;1;0;0;on;off;Semantic;Color_2;1547046111461;1547046411515;1547046288285;FALSE;1547046203092;1547046203101;0.0089725
1547046204570;Visual2019-23;288;288;361;361;1;tunnel;355;0;;;0;1;0;1;0;0;on;off;Semantic;Color_2;1547046111461;1547046411515;1547046288285;FALSE;1547046204623;1547046204633;0.0109713
1547046211718;Visual2019-23;-1;-1;-1;-1;1;tunnel;355;0;;;0;1;0;1;0;0;on;off;Semantic;Semantic_1;1547046111461;1547046411515;1547046288285;FALSE;1547046211751;1547046211759;0.0079768
1547046218762;Visual2019-23;-1;-1;-1;-1;1;tunnel;355;1;woman;1196;0;1;0;1;0;0;on;off;Semantic;KW_2;1547046111461;1547046411515;1547046288285;FALSE;1547046218826;1547046218833;0.006983
1547046242561;Visual2019-23;12167;-1;755372;755396;0;;;0;;;0;0;0;0;0;0;off;off;None;KW_1|Semantic_1|KW_2|Color_2|Face_2;1547046111461;1547046411515;1547046288285;FALSE;1547046242591;1547046242599;0.0079777
1547046255717;Visual2019-23;2378;2378;5617;5617;0;;;0;;;0;0;0;0;0;0;external;off;Semantic;External_1;1547046111461;1547046411515;1547046288285;FALSE;1547046255778;1547046255799;0.021011
1547046264936;Visual2019-23;1420;1420;2578;2578;0;;;0;;;0;0;0;0;0;0;on;off;Semantic;Semantic_1|External_1;1547046111461;1547046411515;1547046288285;FALSE;1547046264966;1547046264982;0.0158372
1547046278303;Visual2019-23;135;135;165;165;0;;;0;;;0;1;0;0;0;0;on;off;Semantic;Color_2;1547046111461;1547046411515;1547046288285;FALSE;1547046278355;1547046278394;0.0388953
1547046279794;Visual2019-23;139;139;171;171;0;;;0;;;0;1;0;0;0;0;on;off;Semantic;Color_2;1547046111461;1547046411515;1547046288285;FALSE;1547046279857;1547046279893;0.0362069
1547046321186;Visual2019-23;12167;-1;755372;755396;0;;;0;;;0;0;0;0;0;0;off;off;None;Semantic_1|Color_2;1547046111461;1547046411515;1547046288285;TRUE;1547046321219;1547046321230;0.01097
1547046325814;Visual2019-23;2808;-1;5624;28461;0;;;0;;;1;0;0;0;0;0;off;off;ColorSketch;Color_1;1547046111461;1547046411515;1547046288285;TRUE;1547046325872;1547046325919;0.0468745
1547046328319;Visual2019-23;3249;3912;7665;9866;0;;;0;;;2;0;0;0;0;0;off;off;ColorSketch;Color_1;1547046111461;1547046411515;1547046288285;TRUE;1547046328374;1547046328423;0.0498686
1547046330405;Visual2019-23;3371;-1;8352;18605;0;;;0;;;3;0;0;0;0;0;off;off;ColorSketch;Color_1;1547046111461;1547046411515;1547046288285;TRUE;1547046330466;1547046330510;0.0438562
1547046332623;Visual2019-23;3417;4307;8698;12605;0;;;0;;;4;0;0;0;0;0;off;off;ColorSketch;Color_1;1547046111461;1547046411515;1547046288285;TRUE;1547046332687;1547046332733;0.0458778
1547046335446;Visual2019-23;3081;3081;6818;6818;0;;;0;;;5;0;0;0;0;0;off;off;ColorSketch;Color_1;1547046111461;1547046411515;1547046288285;TRUE;1547046335497;1547046335527;0.0298857
1547046352078;Visual2019-23;248;248;324;324;1;tunnel;355;0;;;5;0;0;0;0;0;off;off;Keyword;KW_1;1547046111461;1547046411515;1547046288285;TRUE;1547046352137;1547046352150;0.0129661
1547046362442;Visual2019-23;6022;7778;12835;18545;1;tunnel;355;0;;;5;0;0;0;0;0;off;off;ColorSketch;;1547046111461;1547046411515;1547046288285;TRUE;1547046362498;1547046362512;0.0139219
1547046364170;Visual2019-23;7413;7413;16200;16200;1;tunnel;355;0;;;4;0;0;0;0;0;off;off;ColorSketch;Color_1;1547046111461;1547046411515;1547046288285;TRUE;1547046364229;1547046364242;0.0129646
1547046369302;Visual2019-23;5611;5611;12094;12094;1;tunnel;355;0;;;5;0;0;0;0;0;off;off;ColorSketch;Color_1;1547046111461;1547046411515;1547046288285;TRUE;1547046369357;1547046369372;0.0149607
1547046371818;Visual2019-23;7413;7413;16200;16200;1;tunnel;355;0;;;4;0;0;0;0;0;off;off;ColorSketch;Color_1;1547046111461;1547046411515;1547046288285;TRUE;1547046371870;1547046371872;0.0020318
1547046374159;Visual2019-23;7058;7058;14521;14521;1;tunnel;355;0;;;5;0;0;0;0;0;off;off;ColorSketch;Color_1;1547046111461;1547046411515;1547046288285;TRUE;1547046374214;1547046374259;0.0448812
1547046377258;Visual2019-23;7167;7167;14777;14777;1;tunnel;355;0;;;4;0;0;0;0;0;off;off;ColorSketch;Color_1;1547046111461;1547046411515;1547046288285;TRUE;1547046377310;1547046378101;0.7918057
1547046382106;Visual2019-23;7594;7594;15823;15823;1;tunnel;355;0;;;2;0;0;0;0;0;off;off;ColorSketch;Color_1;1547046111461;1547046411515;1547046288285;TRUE;1547046382169;1547046382884;0.7148795
1547046383650;Visual2019-23;10539;12102;23009;23009;1;tunnel;355;0;;;0;0;0;0;0;0;off;off;None;Color_1;1547046111461;1547046411515;1547046288285;TRUE;1547046383701;1547046384560;0.8590284
1547046386022;Visual2019-23;5291;5291;8913;8913;1;tunnel;355;0;;;1;0;0;0;0;0;off;off;ColorSketch;Color_1;1547046111461;1547046411515;1547046288285;TRUE;1547046386073;1547046386121;0.0478715
1547046388295;Visual2019-23;3248;3248;4490;4490;1;tunnel;355;0;;;2;0;0;0;0;0;off;off;ColorSketch;Color_1;1547046111461;1547046411515;1547046288285;TRUE;1547046388357;1547046388402;0.0448803
1547046390895;Visual2019-23;4400;4400;6690;6690;1;tunnel;355;0;;;3;0;0;0;0;0;off;off;ColorSketch;Color_1;1547046111461;1547046411515;1547046288285;TRUE;1547046390950;1547046390993;0.0438855
1547046393038;Visual2019-23;4318;4318;6562;6562;1;tunnel;355;0;;;4;0;0;0;0;0;off;off;ColorSketch;Color_1;1547046111461;1547046411515;1547046288285;TRUE;1547046393089;1547046393138;0.0488362
1547046396319;Visual2019-23;246;246;322;322;1;tunnel;355;0;;;5;0;0;0;0;0;off;off;Keyword;Color_1;1547046111461;1547046411515;1547046288285;TRUE;1547046396371;1547046402698;6.3269547
1547046409362;Visual2019-23;382;4579;475;7376;1;tunnel;355;0;;;3;0;0;0;0;0;off;off;ColorSketch;Color_1;1547046111461;1547046411515;1547046288285;TRUE;1547046409419;1547046410403;0.9836165
1547048962980;Visual2019-22;3408;-1;5226;5241;0;;;0;;;0;0;0;0;0;0;off;off;None;KW_1|Semantic_1;1547048951989;1547049252051;1547048998312;FALSE;1547048963212;1547048963217;0.0049869
1547048966812;Visual2019-22;887;-1;4478;4570;0;;;0;;;0;0;1;0;0;0;off;off;ColorSketch;Face_1;1547048951989;1547049252051;1547048998312;FALSE;1547048966877;1547048966887;0.0099734
1547048968839;Visual2019-22;845;-1;106;543;0;;;0;;;0;0;2;0;0;0;off;off;ColorSketch;Face_1;1547048951989;1547049252051;1547048998312;FALSE;1547048968905;1547048968920;0.0149584
1547048970154;Visual2019-22;545;545;3000;3018;0;;;0;;;0;0;2;0;0;0;off;off;ColorSketch;Face_1;1547048951989;1547049252051;1547048998312;FALSE;1547048970217;1547048970231;0.0138968
1547048978526;Visual2019-22;51;51;60;60;1;dancer;1156;0;;;0;0;2;0;0;0;off;off;Keyword;KW_1;1547048951989;1547049252051;1547048998312;FALSE;1547048978596;1547048978598;0.0019826
1547049141277;Visual2019-22;5377;-1;240564;-1;0;;;0;;;0;0;0;0;0;0;external;off;None;KW_1|Face_1|External_1;1547048951989;1547049252051;1547048998312;TRUE;1547049141310;1547049310238;168.928449
1547049310220;Visual2019-21;678;678;990;990;0;;;0;;;0;0;0;0;0;0;external;off;Semantic;;1547049281939;1547049582036;NA;NA;1547049310279;1547049310280;0.0009735
1547049322540;Visual2019-21;12917;-1;47201;-1;1;person;0+1136+1137+1160+1196+1138+1139+1147+1149+1159+1183+1186+1172+1188+1140+1141+1142+1145+1148+1157+1168+1185+1143+1178+1187+1144+1173+1193+1150+1166+1151+1190+1175+1177+1191+1152+1180+1153+1164+1165+1154+1155+1174+1167+1184+1195+1170+1181+1156+1158+1161+1171+1194+1162+1163+1169+1176+1179+1182+1189+1192;0;;;0;0;0;0;0;0;external;off;Semantic;KW_1;1547049281939;1547049582036;NA;NA;1547049322593;1547049328298;5.7055174
1547049335063;Visual2019-21;900;-1;1374;-1;1;person;0+1136+1137+1160+1196+1138+1139+1147+1149+1159+1183+1186+1172+1188+1140+1141+1142+1145+1148+1157+1168+1185+1143+1178+1187+1144+1173+1193+1150+1166+1151+1190+1175+1177+1191+1152+1180+1153+1164+1165+1154+1155+1174+1167+1184+1195+1170+1181+1156+1158+1161+1171+1194+1162+1163+1169+1176+1179+1182+1189+1192;0;;;1;0;0;0;0;0;external;off;ColorSketch;Color_1;1547049281939;1547049582036;NA;NA;1547049335125;1547049335125;0
1547049336627;Visual2019-21;3415;3423;12827;12827;0;;;0;person;;0;1;0;0;0;0;off;external;None;KW_2;1547049281939;1547049582036;NA;NA;1547049336692;1547049352353;15.6614591
1547049358759;Visual2019-21;3956;3956;12382;12382;0;;;0;person;;1;1;0;0;0;0;off;external;ColorSketch;Color_1;1547049281939;1547049582036;NA;NA;1547049358811;1547049358856;0.0448593
1547049362300;Visual2019-21;1855;1855;3601;3601;0;person;;1;;342;1;1;0;0;0;0;external;off;Semantic;KW_2;1547049281939;1547049582036;NA;NA;1547049362359;1547049372406;10.0471657
1547049379204;Visual2019-21;-1;-1;-1;-1;0;person;;1;;342;0;1;0;0;0;0;external;off;Semantic;Color_1;1547049281939;1547049582036;NA;NA;1547049379262;1547049379288;0.0259335
1547049383930;Visual2019-21;6287;-1;24444;-1;0;person;;1;;342;0;1;0;0;0;0;external;off;Semantic;Color_2;1547049281939;1547049582036;NA;NA;1547049383981;1547049384023;0.0428878
1547049386042;Visual2019-21;3434;-1;8987;-1;0;person;;1;;342;0;1;0;0;0;0;external;off;Semantic;Color_2;1547049281939;1547049582036;NA;NA;1547049386106;1547049386147;0.040864
1547049391778;Visual2019-21;88;88;103;103;0;person;;1;;342;0;1;0;0;0;0;external;off;Semantic;Color_2;1547049281939;1547049582036;NA;NA;1547049391840;1547049391850;0.0099766
1547049398343;Visual2019-21;527;527;874;874;0;person;;1;;342;0;1;0;0;0;0;external;off;Semantic;External_1;1547049281939;1547049582036;NA;NA;1547049398374;1547049398393;0.0189514
1547049409433;Visual2019-21;270;270;327;327;1;hay;1009;1;;342;0;1;0;0;0;0;external;off;Keyword;KW_1;1547049281939;1547049582036;NA;NA;1547049409498;1547049409504;0.0060211
1547049411214;Visual2019-21;-1;-1;-1;-1;1;;342;1;hay;1009;1;0;0;0;0;0;off;off;ColorSketch;External_2;1547049281939;1547049582036;NA;NA;1547049411247;1547049417442;6.1956225
1547049421954;Visual2019-21;-1;-1;-1;-1;1;;342;1;hay;1009;1;0;0;0;0;0;off;off;ColorSketch;Color_1;1547049281939;1547049582036;NA;NA;1547049422012;1547049422021;0.0089006
1547049424077;Visual2019-21;-1;-1;-1;-1;1;;342;1;hay;1009;1;0;0;0;0;0;on;off;Semantic;Semantic_1;1547049281939;1547049582036;NA;NA;1547049424129;1547049424134;0.0049869
1547049430594;Visual2019-21;-1;-1;-1;-1;1;;342;0;;;1;0;0;0;0;0;on;off;Semantic;KW_2;1547049281939;1547049582036;NA;NA;1547049430653;1547049430667;0.0139636
1547049451061;Visual2019-21;-1;-1;-1;-1;1;;342;0;;;1;0;0;0;0;0;on;off;Semantic;;1547049281939;1547049582036;NA;NA;1547049451098;1547049451101;0.0030534
1547049455999;Visual2019-21;4293;4294;200;226;0;;;1;;342;0;1;0;0;0;0;off;external;None;Semantic_2|External_2;1547049281939;1547049582036;NA;NA;1547049456027;1547049464390;8.3622182
1547049477090;Visual2019-21;1712;1712;4571;4571;0;;;1;;342;0;1;0;0;0;0;external;external;Semantic;External_1;1547049281939;1547049582036;NA;NA;1547049477153;1547049492837;15.6839582
1547049505120;Visual2019-21;5503;-1;844042;844074;0;;;0;;;0;0;0;0;0;0;off;off;None;External_1|KW_2|Color_2|External_2;1547049281939;1547049582036;NA;NA;1547049505163;1547049505182;0.0189407
1547049507441;Visual2019-21;3786;-1;200941;202439;0;;;0;;;0;0;1;0;0;0;off;off;ColorSketch;Face_1;1547049281939;1547049582036;NA;NA;1547049507497;1547049507508;0.01097
1547049509362;Visual2019-21;9519;-1;40324;40439;0;;;0;;;0;0;1;0;0;0;off;off;ColorSketch;Face_1;1547049281939;1547049582036;NA;NA;1547049509417;1547049509452;0.0348378
1547049512895;Visual2019-21;738;-1;2233;-1;0;;;0;;;1;0;1;0;0;0;off;off;ColorSketch;Color_1;1547049281939;1547049582036;NA;NA;1547049512949;1547049513002;0.0528236
1547049515123;Visual2019-21;520;-1;1567;-1;0;;;0;;;1;0;1;0;0;0;off;off;ColorSketch;Color_1;1547049281939;1547049582036;NA;NA;1547049515185;1547049516340;1.154913
1547049517634;Visual2019-21;351;-1;1510;-1;0;;;0;;;1;0;1;0;0;0;off;off;ColorSketch;Color_1;1547049281939;1547049582036;NA;NA;1547049517685;1547049517687;0.0019608
1547049520010;Visual2019-21;420;-1;1870;-1;0;;;0;;;1;0;1;0;0;0;off;off;ColorSketch;Color_1;1547049281939;1547049582036;NA;NA;1547049520060;1547049530656;10.5953196
1547049531818;Visual2019-21;9519;-1;40324;40439;0;;;0;;;0;0;1;0;0;0;off;off;ColorSketch;Color_1;1547049281939;1547049582036;NA;NA;1547049531874;1547049531888;0.0138973
1547049534624;Visual2019-21;-1;-1;-1;-1;0;;;0;;;1;0;1;0;0;0;off;off;ColorSketch;Color_1;1547049281939;1547049582036;NA;NA;1547049534683;1547049534734;0.050828
1547049538299;Visual2019-21;-1;-1;-1;-1;0;;;0;;;1;0;1;0;0;0;off;off;ColorSketch;Color_1;1547049281939;1547049582036;NA;NA;1547049538357;1547049538414;0.0567717
1547049554986;Visual2019-21;-1;-1;-1;-1;1;tree;1233+1198+1199+1212+1223+1213+1222+1224+1226+1218+1221+1225;0;;;1;0;1;0;0;0;off;off;Keyword;KW_1;1547049281939;1547049582036;NA;NA;1547049555045;1547049555050;0.0049873
1547049560154;Visual2019-21;616;-1;3382;-1;1;tree;1233+1198+1199+1212+1223+1213+1222+1224+1226+1218+1221+1225;0;;;0;0;1;0;0;0;off;off;ColorSketch;Color_1;1547049281939;1547049582036;NA;NA;1547049560215;1547049560216;0.000999
1547049564007;Visual2019-21;-1;-1;-1;-1;1;tree;1233+1198+1199+1212+1223+1213+1222+1224+1226+1218+1221+1225;0;;;1;0;1;0;0;0;off;off;ColorSketch;Color_1;1547049281939;1547049582036;NA;NA;1547049564058;1547049564066;0.0079449
1547049566219;Visual2019-21;-1;-1;-1;-1;1;tree;1233+1198+1199+1212+1223+1213+1222+1224+1226+1218+1221+1225;0;;;1;0;1;0;0;0;off;off;ColorSketch;Color_1;1547049281939;1547049582036;NA;NA;1547049566277;1547049566330;0.0528547
1547049567818;Visual2019-21;616;-1;3382;-1;1;tree;1233+1198+1199+1212+1223+1213+1222+1224+1226+1218+1221+1225;0;;;0;0;1;0;0;0;off;off;ColorSketch;Color_1;1547049281939;1547049582036;NA;NA;1547049567873;1547049567892;0.0189115
1547049570423;Visual2019-21;-1;-1;-1;-1;1;tree;1233+1198+1199+1212+1223+1213+1222+1224+1226+1218+1221+1225;0;;;1;0;1;0;0;0;off;off;ColorSketch;Color_1;1547049281939;1547049582036;NA;NA;1547049570482;1547049570513;0.0312051
1547049571682;Visual2019-21;-1;-1;-1;-1;1;tree;1233+1198+1199+1212+1223+1213+1222+1224+1226+1218+1221+1225;0;;;1;0;1;0;0;0;off;off;ColorSketch;Color_1;1547049281939;1547049582036;NA;NA;1547049571733;1547049571741;0.0077096
1547049573299;Visual2019-21;616;-1;3382;-1;1;tree;1233+1198+1199+1212+1223+1213+1222+1224+1226+1218+1221+1225;0;;;0;0;1;0;0;0;off;off;ColorSketch;Color_1;1547049281939;1547049582036;NA;NA;1547049573358;1547049573359;0.000992
1547049576075;Visual2019-21;5829;-1;27114;-1;1;tree;1233+1198+1199+1212+1223+1213+1222+1224+1226+1218+1221+1225;0;;;0;0;0;0;0;0;off;off;None;Face_1;1547049281939;1547049582036;NA;NA;1547049576138;1547049576145;0.0069769
1547049579687;Visual2019-21;59;-1;3361;-1;1;tree;1233+1198+1199+1212+1223+1213+1222+1224+1226+1218+1221+1225;0;;;0;0;1;0;0;0;off;off;ColorSketch;Face_1;1547049281939;1547049582036;NA;NA;1547049579749;1547049579757;0.0079814
1547049985981;Visual2019-10N;14425;-1;111968;112093;0;;;0;;;0;0;0;0;0;0;off;off;None;Color_1|Face_1;1547050002075;1547050302130;NA;NA;1547049986014;1547049986022;0.0079814
1547050027045;Visual2019-10N;159;558;224;814;0;;;0;;;0;0;0;0;0;0;external;off;Semantic;External_1;1547050002075;1547050302130;NA;NA;1547050027106;1547050027122;0.0159921
1547050053343;Visual2019-10N;74;206;89;251;0;;;0;;;0;0;0;1;0;0;external;off;Semantic;Face_2;1547050002075;1547050302130;NA;NA;1547050053403;1547050053413;0.0099729
1547050054866;Visual2019-10N;78;212;99;267;0;;;0;;;0;0;0;1;0;0;external;off;Semantic;Face_2;1547050002075;1547050302130;NA;NA;1547050054917;1547050054931;0.0139511
1547050071920;Visual2019-10N;8825;8825;12062;12104;0;;;0;;;0;0;1;0;0;0;external;off;ColorSketch;Face_1|Face_2;1547050002075;1547050302130;NA;NA;1547050071982;1547050074120;2.1382817
1547050092650;Visual2019-10N;44;44;46;46;0;;;0;;;0;0;1;0;0;0;external;off;Semantic;Face_1;1547050002075;1547050302130;NA;NA;1547050092702;1547050098370;5.6685523
1547050138340;Visual2019-10N;1105;-1;1548;10421;0;;;0;;;0;0;1;0;0;0;external;off;Semantic;External_1;1547050002075;1547050302130;NA;NA;1547050138370;1547050138393;0.0229422
1547050148162;Visual2019-10N;3683;-1;9749;35229;0;;;0;;;0;0;0;0;0;0;external;off;Semantic;Face_1;1547050002075;1547050302130;NA;NA;1547050148215;1547050151103;2.8878613
1547050163598;Visual2019-10N;1607;1611;15673;16157;0;;;0;;;0;0;1;0;0;0;external;off;ColorSketch;Face_1;1547050002075;1547050302130;NA;NA;1547050163654;1547050163667;0.0129641
1547050164878;Visual2019-10N;3683;-1;9749;35229;0;;;0;;;0;0;0;0;0;0;external;off;Semantic;Face_1;1547050002075;1547050302130;NA;NA;1547050164936;1547050187278;22.3420646
1547050219093;Visual2019-10N;159;558;224;814;0;;;0;;;0;0;0;0;0;0;external;off;Semantic;External_1;1547050002075;1547050302130;NA;NA;1547050219123;1547050219138;0.0149593
1547050269496;Visual2019-10N;1181;1181;2233;2233;0;;;0;;;0;0;0;0;0;0;external;off;Semantic;External_1;1547050002075;1547050302130;NA;NA;1547050269526;1547050269540;0.013965
1547050281322;Visual2019-10N;2608;-1;4320;35636;1;woman;1196;0;;;0;0;0;0;0;0;external;off;Semantic;KW_1;1547050002075;1547050302130;NA;NA;1547050281374;1547050284074;2.700057
1547050338074;Visual2019-11N;13009;-1;475251;475339;0;;;0;;;0;0;0;0;0;0;off;off;None;KW_1|External_1;1547050340119;1547050640246;NA;NA;1547050338109;1547050338117;0.0079764
1547050359898;Visual2019-11N;9474;-1;58548;-1;0;;;0;;;0;0;0;0;0;0;off;off;None;;1547050340119;1547050640246;NA;NA;1547050359950;1547050359954;0.0039851
1547050364087;Visual2019-11N;9760;-1;17853;-1;0;;;0;;;0;0;1;0;0;0;off;off;ColorSketch;Face_1;1547050340119;1547050640246;NA;NA;1547050364138;1547050364169;0.0319147
1547050370915;Visual2019-11N;11529;-1;49685;-1;0;;;0;;;0;0;1;0;0;0;off;off;ColorSketch;;1547050340119;1547050640246;NA;NA;1547050370966;1547050370980;0.0139645
1547050373002;Visual2019-11N;-1;-1;-1;-1;0;;;0;;;0;0;1;0;0;0;off;off;ColorSketch;;1547050340119;1547050640246;NA;NA;1547050373059;1547050373066;0.0069524
1547050374954;Visual2019-11N;-1;-1;-1;-1;0;;;0;;;0;0;1;0;0;0;off;off;ColorSketch;;1547050340119;1547050640246;NA;NA;1547050375012;1547050375032;0.0199202
1547050379762;Visual2019-11N;-1;-1;-1;-1;0;;;0;;;0;0;1;0;0;0;off;off;ColorSketch;;1547050340119;1547050640246;NA;NA;1547050379826;1547050379841;0.0149588
1547050381331;Visual2019-11N;-1;-1;-1;-1;0;;;0;;;0;0;1;0;0;0;off;off;ColorSketch;;1547050340119;1547050640246;NA;NA;1547050381386;1547050381400;0.0149259
1547050382698;Visual2019-11N;9022;-1;16658;-1;0;;;0;;;0;0;1;0;0;0;off;off;ColorSketch;;1547050340119;1547050640246;NA;NA;1547050382748;1547050382760;0.0119402
1547050386346;Visual2019-11N;-1;-1;-1;-1;0;;;0;;;0;0;1;0;0;0;off;off;ColorSketch;;1547050340119;1547050640246;NA;NA;1547050386404;1547050386419;0.0149593
1547050403237;Visual2019-11N;-1;-1;-1;-1;1;snowmobile;776;0;;;0;0;1;0;0;0;off;off;Keyword;KW_1;1547050340119;1547050640246;NA;NA;1547050403293;1547050403299;0.0060178
1547050405987;Visual2019-11N;-1;-1;-1;-1;0;;;0;;;0;0;1;0;0;0;off;off;ColorSketch;KW_1;1547050340119;1547050640246;NA;NA;1547050406042;1547050406044;0.0019937
1547050407845;Visual2019-11N;13009;-1;475251;475339;0;;;0;;;0;0;0;0;0;0;off;off;None;Face_1;1547050340119;1547050640246;NA;NA;1547050407870;1547050407897;0.0268531
1547050410216;Visual2019-11N;4235;-1;10766;-1;1;snowmobile;776;0;;;0;0;0;0;0;0;off;off;Keyword;KW_1;1547050340119;1547050640246;NA;NA;1547050410279;1547050410298;0.0189495
1547050412482;Visual2019-11N;13009;-1;475251;475339;0;;;0;;;0;0;0;0;0;0;off;off;None;KW_1;1547050340119;1547050640246;NA;NA;1547050412545;1547050412548;0.0029254
1547050416101;Visual2019-11N;4235;-1;10766;-1;1;snowmobile;776;0;;;0;0;0;0;0;0;off;off;Keyword;KW_1;1547050340119;1547050640246;NA;NA;1547050416152;1547050416154;0.0019993
1547050432761;Visual2019-11N;7423;-1;20799;-1;1;snowmobile;776;0;;;0;0;0;0;0;0;external;off;Semantic;External_1;1547050340119;1547050640246;NA;NA;1547050432812;1547050432812;0
1547050437322;Visual2019-11N;2103;-1;4856;19557;0;;;0;;;0;0;0;0;0;0;external;off;Semantic;KW_1;1547050340119;1547050640246;NA;NA;1547050437373;1547050437387;0.0139618
1547050441109;Visual2019-11N;13009;-1;475251;475339;0;;;0;;;0;0;0;0;0;0;off;off;None;External_1;1547050340119;1547050640246;NA;NA;1547050441168;1547050441170;0.0019938
1547050464527;Visual2019-11N;516;-1;854;-1;0;;;0;;;0;0;0;0;0;0;external;off;Semantic;External_1;1547050340119;1547050640246;NA;NA;1547050464577;1547050464592;0.0149598
1547050480343;Visual2019-11N;13009;-1;475251;475339;0;;;0;;;0;0;0;0;0;0;off;off;None;External_1;1547050340119;1547050640246;NA;NA;1547050480402;1547050480404;0.0019924
1547050485338;Visual2019-11N;14330;-1;291022;291113;0;;;0;;;0;0;0;0;0;0;off;off;None;;1547050340119;1547050640246;NA;NA;1547050485401;1547050485418;0.0169567
1547050487731;Visual2019-11N;11985;-1;10661;10662;0;;;0;;;0;0;0;0;0;0;off;off;None;;1547050340119;1547050640246;NA;NA;1547050487794;1547050488780;0.9864278
1547050491463;Visual2019-11N;1456;-1;7625;8905;0;;;0;;;0;0;1;0;0;0;off;off;ColorSketch;Face_1;1547050340119;1547050640246;NA;NA;1547050491514;1547050491529;0.0149625
1547050494227;Visual2019-11N;1377;-1;5687;5742;0;;;0;;;0;0;1;0;0;0;off;off;ColorSketch;Face_1;1547050340119;1547050640246;NA;NA;1547050494278;1547050498469;4.1908308
1547050499514;Visual2019-11N;11985;-1;10661;10662;0;;;0;;;0;0;0;0;0;0;off;off;None;Face_1;1547050340119;1547050640246;NA;NA;1547050499573;1547050499576;0.0029412
1547050500797;Visual2019-11N;2071;-1;9017;9026;0;;;0;;;0;0;1;0;0;0;off;off;ColorSketch;Face_1;1547050340119;1547050640246;NA;NA;1547050500856;1547050500887;0.0308851
1547050502018;Visual2019-11N;1938;-1;7975;9414;0;;;0;;;0;0;1;0;0;0;off;off;ColorSketch;Face_1;1547050340119;1547050640246;NA;NA;1547050502077;1547050502092;0.0149333
1547050571731;Visual2019-11N;11;-1;14;31;0;;;0;;;0;0;1;0;0;0;external;off;Semantic;External_1;1547050340119;1547050640246;NA;NA;1547050571795;1547050571804;0.0089753
1547050638904;Visual2019-11N;0;-1;0;6;0;;;0;;;0;0;1;0;0;0;on;off;Semantic;Semantic_1|External_1;1547050340119;1547050640246;NA;NA;1547050638935;1547050638955;0.0199503
1547050788245;Visual2019-12N;393;393;521;521;1;coffee;1071;0;;;0;0;0;0;0;0;off;off;Keyword;KW_1;1547050753168;1547051053300;1547051032147;FALSE;1547050788310;1547050788316;0.0059845
1547050803250;Visual2019-12N;3553;-1;4860;-1;1;coffee;1071;0;;;0;0;0;0;0;0;external;off;Semantic;External_1;1547050753168;1547051053300;1547051032147;FALSE;1547050803310;1547050803321;0.0109723
1547050806194;Visual2019-12N;2537;-1;3347;-1;1;coffee;1071;0;;;0;0;0;0;0;0;external;off;Semantic;;1547050753168;1547051053300;1547051032147;FALSE;1547050806246;1547050806252;0.0059436
1547050807370;Visual2019-12N;-1;-1;-1;-1;1;coffee;1071;0;;;0;0;0;0;0;0;external;off;Semantic;;1547050753168;1547051053300;1547051032147;FALSE;1547050807433;1547050832574;25.1402945
1547050833330;Visual2019-12N;4410;-1;9244;160877;0;;;0;;;0;0;0;0;0;0;external;off;Semantic;KW_1;1547050753168;1547051053300;1547051032147;FALSE;1547050833389;1547050833404;0.0149607
1547050838592;Visual2019-12N;4929;-1;324500;324500;0;;;0;;;0;0;0;0;0;0;off;off;None;External_1;1547050753168;1547051053300;1547051032147;FALSE;1547050838622;1547050838645;0.0229417
1547050845294;Visual2019-12N;7492;-1;20172;52875;0;;;0;;;0;0;0;0;0;0;external;off;Semantic;External_1;1547050753168;1547051053300;1547051032147;FALSE;1547050845356;1547050845372;0.0159295
1547050860075;Visual2019-12N;2563;-1;4740;-1;0;;;0;;;0;0;0;0;0;0;external;off;Semantic;;1547050753168;1547051053300;1547051032147;FALSE;1547050860137;1547050860149;0.0119624
1547050862346;Visual2019-12N;6359;-1;14589;40068;0;;;0;;;0;0;0;0;0;0;external;off;Semantic;;1547050753168;1547051053300;1547051032147;FALSE;1547050862401;1547050862417;0.0159569
1547050917440;Visual2019-12N;2339;2339;3839;3839;0;;;0;;;0;0;0;0;0;0;external;off;Semantic;External_1;1547050753168;1547051053300;1547051032147;FALSE;1547050917466;1547050917482;0.0158655
1547050933482;Visual2019-12N;124;124;155;155;0;;;0;;;0;0;0;0;0;0;external;off;Semantic;External_1;1547050753168;1547051053300;1547051032147;FALSE;1547050933513;1547050933522;0.0089758
1547050956108;Visual2019-12N;221;625;272;848;0;;;0;;;0;0;0;0;0;0;external;off;Semantic;External_1;1547050753168;1547051053300;1547051032147;FALSE;1547050956135;1547050956150;0.014962
1547050961886;Visual2019-12N;5062;-1;303389;303396;0;;;0;;;0;0;0;0;0;0;off;off;None;External_1;1547050753168;1547051053300;1547051032147;FALSE;1547050961951;1547050961963;0.0119676
1547050965515;Visual2019-12N;3222;-1;156828;156857;0;;;0;;;0;0;0;0;0;0;off;external;None;External_2;1547050753168;1547051053300;1547051032147;FALSE;1547050965575;1547050969443;3.8678623
1547050972920;Visual2019-12N;569;570;1147;1148;0;;;0;;;0;0;0;0;0;0;external;external;Semantic;External_2;1547050753168;1547051053300;1547051032147;FALSE;1547050972982;1547050975149;2.1662901
1547050981093;Visual2019-12N;1;1;1;1;0;;;0;;;0;0;0;0;0;0;external;external;Semantic;External_2;1547050753168;1547051053300;1547051032147;FALSE;1547050981125;1547050996219;15.0942492
1547051045357;Visual2019-12N;224;637;275;860;0;;;0;;;0;0;0;0;0;0;external;off;Semantic;External_2;1547050753168;1547051053300;1547051032147;TRUE;1547051045419;1547051045438;0.0189491
1547051094152;Visual2019-13N;8800;-1;647214;647246;0;;;0;;;0;0;0;0;0;0;off;off;None;External_1;1547051091418;1547051391512;NA;NA;1547051094196;1547051094222;0.0259297
1547051128808;Visual2019-13N;10099;-1;324844;324844;0;;;0;;;0;0;0;0;0;0;off;external;None;External_2;1547051091418;1547051391512;NA;NA;1547051128870;1547051138915;10.0443979
1547051140655;Visual2019-13N;5985;-1;647214;647246;0;;;0;;;0;0;0;0;0;0;off;off;None;External_2;1547051091418;1547051391512;NA;NA;1547051140685;1547051140708;0.022938
1547051161016;Visual2019-13N;336;336;16765;16965;0;;;0;;;0;0;1;0;0;0;off;off;ColorSketch;Face_1;1547051091418;1547051391512;NA;NA;1547051161078;1547051161096;0.017952
1547051166058;Visual2019-13N;873;2120;1453;4546;0;;;0;;;0;0;1;0;0;0;external;off;Semantic;External_1;1547051091418;1547051391512;NA;NA;1547051166109;1547051166119;0.0099729
1547051198109;Visual2019-13N;184;3606;261;8804;0;;;0;;;1;0;1;0;0;0;external;off;ColorSketch;Color_1;1547051091418;1547051391512;NA;NA;1547051198168;1547051200813;2.6445454
1547051201506;Visual2019-13N;372;-1;571;16861;0;;;0;;;1;0;1;0;0;0;external;off;ColorSketch;Color_1;1547051091418;1547051391512;NA;NA;1547051201560;1547051201607;0.0468749
1547051211259;Visual2019-13N;3791;-1;68274;68400;0;;;0;;;0;0;0;1;0;0;off;external;None;Color_2;1547051091418;1547051391512;NA;NA;1547051211310;1547051253629;42.3195251
1547051258980;Visual2019-13N;3912;-1;47917;48070;0;;;0;;;0;0;1;0;0;0;external;external;ColorSketch;External_2;1547051091418;1547051391512;NA;NA;1547051259030;1547051298004;38.9741639
1547051300825;Visual2019-13N;1048;-1;1908;19996;0;;;0;;;0;0;1;0;0;0;external;external;Semantic;External_1;1547051091418;1547051391512;NA;NA;1547051300889;1547051300908;0.0189454
1547051316530;Visual2019-13N;1133;-1;1925;25564;0;;;0;;;0;0;0;0;0;0;external;external;Semantic;Face_2;1547051091418;1547051391512;NA;NA;1547051316589;1547051324924;8.3343833
1547051373028;Visual2019-13N;1279;-1;2192;42600;0;;;0;;;0;0;0;0;0;0;external;external;Semantic;External_1;1547051091418;1547051391512;NA;NA;1547051373064;1547051373084;0.0199494
1547051420344;Visual2019-14N;3666;-1;132044;133438;0;;;0;;;0;0;0;0;0;0;off;off;None;External_1|External_2;1547051423500;1547051559966;1547051559759;FALSE;1547051420374;1547051420382;0.0079824
1547051425465;Visual2019-14N;3666;-1;132044;133438;0;;;0;;;0;0;0;0;0;0;off;off;None;;1547051423500;1547051559966;1547051559759;FALSE;1547051425508;1547051425517;0.0089202
1547051464840;Visual2019-14N;116;197;261;437;0;;;0;;;0;0;0;0;0;0;external;off;Semantic;External_1;1547051423500;1547051559966;1547051559759;FALSE;1547051464891;1547051464906;0.014962
1547051489633;Visual2019-14N;12769;-1;132058;133438;0;;;0;;;0;0;0;0;0;0;off;off;None;External_2;1547051423500;1547051559966;1547051559759;FALSE;1547051489655;1547051491317;1.6625902
1547051500528;Visual2019-14N;10186;-1;127955;128238;0;;;0;;;0;0;0;0;0;0;off;external;None;External_2;1547051423500;1547051559966;1547051559759;FALSE;1547051500591;1547051535395;34.8033836
1547051539386;Visual2019-14N;4;42;4;54;0;;;0;;;0;0;0;0;0;0;external;external;Semantic;External_2;1547051423500;1547051559966;1547051559759;FALSE;1547051539438;1547051543474;4.0360432
