{
  "primarytemporalquery": 1,
  "bitemporalsimilarityquery": {
    "keywordquery": {
      "formerquery": {
        "synsetgroups": [
          {
            "synsets": [
              {
                "text": "GoogLeNet",
                "synsetid": 349
              }
            ]
          }
        ]
      },
      "latterquery": {
        "synsetgroups": [
          {
            "synsets": [
              {
                "text": "GoogLeNet",
                "synsetid": 341
              },
              {
                "text": "GoogLeNet",
                "synsetid": 227
              },
              {
                "text": "GoogLeNet",
                "synsetid": 322
              },
              {
                "text": "GoogLeNet",
                "synsetid": 557
              },
              {
                "text": "GoogLeNet",
                "synsetid": 792
              }
            ]
          }
        ]
      }
    },
    "colorsketchquery": {
      "formerquery": {
        "canvaswidth": 216,
        "canvasheight": 384,
        "colorsketchellipses": []
      },
      "latterquery": {
        "canvaswidth": 216,
        "canvasheight": 384,
        "colorsketchellipses": []
      }
    },
    "facesketchquery": {
      "formerquery": {
        "canvaswidth": 216,
        "canvasheight": 384,
        "colorsketchellipses": []
      },
      "latterquery": {
        "canvaswidth": 216,
        "canvasheight": 384,
        "colorsketchellipses": []
      }
    },
    "textsketchquery": {
      "formerquery": {
        "canvaswidth": 216,
        "canvasheight": 384,
        "colorsketchellipses": []
      },
      "latterquery": {
        "canvaswidth": 216,
        "canvasheight": 384,
        "colorsketchellipses": [
          {
            "ellipsestate": 1,
            "positionx": 0.47632311977715874,
            "positiony": 0.47491179201485539,
            "horizontalaxis": 0.43175487465181073,
            "verticalaxis": 0.15846487155679381,
            "rotation": 0,
            "colorr": 112,
            "colorg": 128,
            "colorb": 144
          }
        ]
      }
    },
    "semanticexamplequery": {
      "formerquery": {
        "positiveexampleids": [
          76571
        ],
        "negativeexampleids": [],
        "externalimages": []
      },
      "latterquery": {
        "positiveexampleids": [
          99241
        ],
        "negativeexampleids": [],
        "externalimages": []
      }
    }
  },
  "formerfusionquery": {
    "sortingsimilaritymodel": 4,
    "keywordfilteringquery": {
      "filterstate": 0,
      "threshold": 0.5
    },
    "colorsketchfilteringquery": {
      "filterstate": 2,
      "threshold": 0.1
    },
    "facesketchfilteringquery": {
      "filterstate": 2,
      "threshold": 0.1
    },
    "textsketchfilteringquery": {
      "filterstate": 2,
      "threshold": 0.1
    },
    "semanticexamplefilteringquery": {
      "filterstate": 0,
      "threshold": 0.3
    }
  },
  "latterfusionquery": {
    "sortingsimilaritymodel": 4,
    "keywordfilteringquery": {
      "filterstate": 0,
      "threshold": 0.5
    },
    "colorsketchfilteringquery": {
      "filterstate": 2,
      "threshold": 0.1
    },
    "facesketchfilteringquery": {
      "filterstate": 2,
      "threshold": 0.1
    },
    "textsketchfilteringquery": {
      "filterstate": 0,
      "threshold": 0.1
    },
    "semanticexamplefilteringquery": {
      "filterstate": 0,
      "threshold": 0.3
    }
  },
  "formerfilteringquery": {
    "colorsaturationquery": {
      "filterstate": 2,
      "threshold": 0.9
    },
    "countfilteringquery": {
      "filterstate": 0,
      "maxpervideo": 3,
      "maxpershot": 1,
      "maxpergroup": -1
    },
    "lifelogfilteringquery": {
      "daysofweek": [],
      "timefrom": "00:00:00",
      "timeto": "00:00:00",
      "heartratelow": 0,
      "heartratehigh": 0,
      "isgpsdefinedbystring": false,
      "isgpsdefinedbycoordinates": false
    },
    "percentofblackquery": {
      "filterstate": 2,
      "threshold": 0.65
    }
  },
  "latterfilteringquery": {
    "colorsaturationquery": {
      "filterstate": 2,
      "threshold": 0.9
    },
    "countfilteringquery": {
      "filterstate": 0,
      "maxpervideo": 3,
      "maxpershot": 1,
      "maxpergroup": -1
    },
    "lifelogfilteringquery": {
      "daysofweek": [],
      "timefrom": "00:00:00",
      "timeto": "00:00:00",
      "heartratelow": 0,
      "heartratehigh": 0,
      "isgpsdefinedbystring": false,
      "isgpsdefinedbycoordinates": false
    },
    "percentofblackquery": {
      "filterstate": 2,
      "threshold": 0.65
    }
  }
}