{
  "primarytemporalquery": 0,
  "bitemporalsimilarityquery": {
    "keywordquery": {
      "formerquery": {
        "synsetformulacnf": []
      },
      "latterquery": {
        "synsetformulacnf": [
          {
            "synsetliterals": [
              {
                "text": "sunflower, helianthus",
                "synsetid": 11978233
              }
            ]
          },
          {
            "synsetliterals": [
              {
                "text": "plain, field, champaign",
                "synsetid": 9393605
              }
            ]
          },
          {
            "synsetliterals": [
              {
                "text": "dump truck, dumper, tipper truck, tipper lorry, tip truck, tipper",
                "synsetid": 3256166
              }
            ]
          },
          {
            "synsetliterals": [
              {
                "text": "motorcyclist",
                "synsetid": 10334009
              }
            ]
          }
        ]
      }
    },
    "colorsketchquery": {
      "formerquery": {
        "canvaswidth": 216,
        "canvasheight": 384,
        "colorsketchellipses": [
          {
            "ellipsestate": 0,
            "positionx": 0.49582172701949861,
            "positiony": 0.75548127514701335,
            "horizontalaxis": 0.42618384401114207,
            "verticalaxis": 0.18518518518518517,
            "rotation": 0,
            "colorr": 0,
            "colorg": 0,
            "colorb": 0
          },
          {
            "ellipsestate": 0,
            "positionx": 0.50417827298050144,
            "positiony": 0.25532652429588365,
            "horizontalaxis": 0.1197771587743733,
            "verticalaxis": 0.19312906220984213,
            "rotation": 0,
            "colorr": 255,
            "colorg": 0,
            "colorb": 0
          },
          {
            "ellipsestate": 0,
            "positionx": 0.74373259052924812,
            "positiony": 0.23551841535128448,
            "horizontalaxis": 0.10416666666666667,
            "verticalaxis": 0.18518518518518517,
            "rotation": 0,
            "colorr": 255,
            "colorg": 255,
            "colorb": 255
          }
        ]
      },
      "latterquery": {
        "canvaswidth": 216,
        "canvasheight": 384,
        "colorsketchellipses": [
          {
            "ellipsestate": 0,
            "positionx": 0.40947075208913652,
            "positiony": 0.70745899102445053,
            "horizontalaxis": 0.637883008356546,
            "verticalaxis": 0.23274528009904072,
            "rotation": 0,
            "colorr": 255,
            "colorg": 153,
            "colorb": 0
          }
        ]
      }
    },
    "facesketchquery": {
      "formerquery": {
        "canvaswidth": 216,
        "canvasheight": 384,
        "colorsketchellipses": []
      },
      "latterquery": {
        "canvaswidth": 216,
        "canvasheight": 384,
        "colorsketchellipses": []
      }
    },
    "textsketchquery": {
      "formerquery": {
        "canvaswidth": 216,
        "canvasheight": 384,
        "colorsketchellipses": [
          {
            "ellipsestate": 1,
            "positionx": 0.49860724233983289,
            "positiony": 0.7356731662024143,
            "horizontalaxis": 0.36768802228412256,
            "verticalaxis": 0.18518518518518517,
            "rotation": 0,
            "colorr": 112,
            "colorg": 128,
            "colorb": 144
          }
        ]
      },
      "latterquery": {
        "canvaswidth": 216,
        "canvasheight": 384,
        "colorsketchellipses": []
      }
    },
    "semanticexamplequery": {
      "formerquery": {
        "positiveexampleids": [],
        "negativeexampleids": [],
        "externalimages": []
      },
      "latterquery": {
        "positiveexampleids": [],
        "negativeexampleids": [],
        "externalimages": []
      }
    }
  },
  "formerfusionquery": {
    "sortingsimilaritymodel": 1,
    "keywordfilteringquery": {
      "filterstate": 0,
      "threshold": 0.29333880767019227
    },
    "colorsketchfilteringquery": {
      "filterstate": 0,
      "threshold": 0.1
    },
    "facesketchfilteringquery": {
      "filterstate": 2,
      "threshold": 0.1
    },
    "textsketchfilteringquery": {
      "filterstate": 0,
      "threshold": 0.1
    },
    "semanticexamplefilteringquery": {
      "filterstate": 2,
      "threshold": 0.21337780250893873
    }
  },
  "latterfusionquery": {
    "sortingsimilaritymodel": 0,
    "keywordfilteringquery": {
      "filterstate": 0,
      "threshold": 0.14231716712148695
    },
    "colorsketchfilteringquery": {
      "filterstate": 0,
      "threshold": 0.1
    },
    "facesketchfilteringquery": {
      "filterstate": 2,
      "threshold": 0.1
    },
    "textsketchfilteringquery": {
      "filterstate": 0,
      "threshold": 0.1
    },
    "semanticexamplefilteringquery": {
      "filterstate": 2,
      "threshold": 0.3
    }
  },
  "formerfilteringquery": {
    "colorsaturationquery": {
      "filterstate": 2,
      "threshold": 0.9
    },
    "countfilteringquery": {
      "filterstate": 0,
      "maxpervideo": 3,
      "maxpershot": 1,
      "maxpergroup": -1
    },
    "lifelogfilteringquery": {
      "daysofweek": [],
      "timefrom": "00:00:00",
      "timeto": "00:00:00",
      "heartratelow": 0,
      "heartratehigh": 0,
      "isgpsdefinedbystring": false,
      "isgpsdefinedbycoordinates": false
    },
    "percentofblackquery": {
      "filterstate": 2,
      "threshold": 0.65
    }
  },
  "latterfilteringquery": {
    "colorsaturationquery": {
      "filterstate": 2,
      "threshold": 0.9
    },
    "countfilteringquery": {
      "filterstate": 0,
      "maxpervideo": 3,
      "maxpershot": 1,
      "maxpergroup": -1
    },
    "lifelogfilteringquery": {
      "daysofweek": [],
      "timefrom": "00:00:00",
      "timeto": "00:00:00",
      "heartratelow": 0,
      "heartratehigh": 0,
      "isgpsdefinedbystring": false,
      "isgpsdefinedbycoordinates": false
    },
    "percentofblackquery": {
      "filterstate": 2,
      "threshold": 0.65
    }
  }
}