{
  "primarytemporalquery": 0,
  "bitemporalsimilarityquery": {
    "keywordquery": {
      "formerquery": {
        "synsetformulacnf": [
          {
            "synsetliterals": [
              {
                "text": "volcano",
                "synsetid": 9472597
              }
            ]
          }
        ]
      },
      "latterquery": {
        "synsetformulacnf": []
      }
    },
    "colorsketchquery": {
      "formerquery": {
        "canvaswidth": 216,
        "canvasheight": 384,
        "colorsketchellipses": [
          {
            "ellipsestate": 1,
            "positionx": 0.28133704735376047,
            "positiony": 0.75567935623645943,
            "horizontalaxis": 0.10416666666666667,
            "verticalaxis": 0.18518518518518517,
            "rotation": 0,
            "colorr": 102,
            "colorg": 31,
            "colorb": 0
          },
          {
            "ellipsestate": 0,
            "positionx": 0.16434540389972144,
            "positiony": 0.33475704116372629,
            "horizontalaxis": 0.10416666666666667,
            "verticalaxis": 0.18518518518518517,
            "rotation": 0,
            "colorr": 51,
            "colorg": 15,
            "colorb": 0
          },
          {
            "ellipsestate": 1,
            "positionx": 0.48467966573816157,
            "positiony": 0.30504487774682765,
            "horizontalaxis": 0.10416666666666667,
            "verticalaxis": 0.18518518518518517,
            "rotation": 0,
            "colorr": 255,
            "colorg": 76,
            "colorb": 0
          },
          {
            "ellipsestate": 0,
            "positionx": 0.65738161559888586,
            "positiony": 0.37932528628907458,
            "horizontalaxis": 0.10416666666666667,
            "verticalaxis": 0.18518518518518517,
            "rotation": 0,
            "colorr": 255,
            "colorg": 245,
            "colorb": 153
          }
        ]
      },
      "latterquery": {
        "canvaswidth": 216,
        "canvasheight": 384,
        "colorsketchellipses": []
      }
    },
    "facesketchquery": {
      "formerquery": {
        "canvaswidth": 216,
        "canvasheight": 384,
        "colorsketchellipses": []
      },
      "latterquery": {
        "canvaswidth": 216,
        "canvasheight": 384,
        "colorsketchellipses": []
      }
    },
    "textsketchquery": {
      "formerquery": {
        "canvaswidth": 216,
        "canvasheight": 384,
        "colorsketchellipses": []
      },
      "latterquery": {
        "canvaswidth": 216,
        "canvasheight": 384,
        "colorsketchellipses": []
      }
    },
    "semanticexamplequery": {
      "formerquery": {
        "positiveexampleids": [],
        "negativeexampleids": [],
        "externalimages": []
      },
      "latterquery": {
        "positiveexampleids": [],
        "negativeexampleids": [],
        "externalimages": []
      }
    }
  },
  "formerfusionquery": {
    "sortingsimilaritymodel": 1,
    "keywordfilteringquery": {
      "filterstate": 0,
      "threshold": 0.60333059616490359
    },
    "colorsketchfilteringquery": {
      "filterstate": 0,
      "threshold": 0.1
    },
    "facesketchfilteringquery": {
      "filterstate": 2,
      "threshold": 0.1
    },
    "textsketchfilteringquery": {
      "filterstate": 2,
      "threshold": 0.1
    },
    "semanticexamplefilteringquery": {
      "filterstate": 2,
      "threshold": 0.3
    }
  },
  "latterfusionquery": {
    "sortingsimilaritymodel": 5,
    "keywordfilteringquery": {
      "filterstate": 0,
      "threshold": 0.14231716712148695
    },
    "colorsketchfilteringquery": {
      "filterstate": 0,
      "threshold": 0.1
    },
    "facesketchfilteringquery": {
      "filterstate": 2,
      "threshold": 0.1
    },
    "textsketchfilteringquery": {
      "filterstate": 2,
      "threshold": 0.1
    },
    "semanticexamplefilteringquery": {
      "filterstate": 2,
      "threshold": 0.3
    }
  },
  "formerfilteringquery": {
    "colorsaturationquery": {
      "filterstate": 2,
      "threshold": 0.9
    },
    "countfilteringquery": {
      "filterstate": 0,
      "maxpervideo": 3,
      "maxpershot": 1,
      "maxpergroup": -1
    },
    "lifelogfilteringquery": {
      "daysofweek": [],
      "timefrom": "00:00:00",
      "timeto": "00:00:00",
      "heartratelow": 0,
      "heartratehigh": 0,
      "isgpsdefinedbystring": false,
      "isgpsdefinedbycoordinates": false
    },
    "percentofblackquery": {
      "filterstate": 2,
      "threshold": 0.65
    }
  },
  "latterfilteringquery": {
    "colorsaturationquery": {
      "filterstate": 2,
      "threshold": 0.9
    },
    "countfilteringquery": {
      "filterstate": 0,
      "maxpervideo": 3,
      "maxpershot": 1,
      "maxpergroup": -1
    },
    "lifelogfilteringquery": {
      "daysofweek": [],
      "timefrom": "00:00:00",
      "timeto": "00:00:00",
      "heartratelow": 0,
      "heartratehigh": 0,
      "isgpsdefinedbystring": false,
      "isgpsdefinedbycoordinates": false
    },
    "percentofblackquery": {
      "filterstate": 2,
      "threshold": 0.65
    }
  }
}