{
  "primarytemporalquery": 0,
  "bitemporalsimilarityquery": {
    "keywordquery": {
      "formerquery": {
        "synsetformulacnf": []
      },
      "latterquery": {
        "synsetformulacnf": []
      }
    },
    "colorsketchquery": {
      "formerquery": {
        "canvaswidth": 216,
        "canvasheight": 384,
        "colorsketchellipses": [
          {
            "ellipsestate": 0,
            "positionx": 0.52646239554317553,
            "positiony": 0.27513463324048293,
            "horizontalaxis": 0.45961002785515331,
            "verticalaxis": 0.2476013618074899,
            "rotation": 0,
            "colorr": 31,
            "colorg": 0,
            "colorb": 153
          }
        ]
      },
      "latterquery": {
        "canvaswidth": 216,
        "canvasheight": 384,
        "colorsketchellipses": []
      }
    },
    "facesketchquery": {
      "formerquery": {
        "canvaswidth": 216,
        "canvasheight": 384,
        "colorsketchellipses": [
          {
            "ellipsestate": 1,
            "positionx": 0.21727019498607245,
            "positiony": 0.38407923243577846,
            "horizontalaxis": 0.21169916434540392,
            "verticalaxis": 0.26740947075208915,
            "rotation": 0,
            "colorr": 112,
            "colorg": 128,
            "colorb": 144
          },
          {
            "ellipsestate": 1,
            "positionx": 0.80779944289693606,
            "positiony": 0.3296069328381307,
            "horizontalaxis": 0.20055710306406693,
            "verticalaxis": 0.27731352522438862,
            "rotation": 0,
            "colorr": 112,
            "colorg": 128,
            "colorb": 144
          }
        ]
      },
      "latterquery": {
        "canvaswidth": 216,
        "canvasheight": 384,
        "colorsketchellipses": []
      }
    },
    "textsketchquery": {
      "formerquery": {
        "canvaswidth": 216,
        "canvasheight": 384,
        "colorsketchellipses": []
      },
      "latterquery": {
        "canvaswidth": 216,
        "canvasheight": 384,
        "colorsketchellipses": []
      }
    },
    "semanticexamplequery": {
      "formerquery": {
        "positiveexampleids": [],
        "negativeexampleids": [],
        "externalimages": []
      },
      "latterquery": {
        "positiveexampleids": [],
        "negativeexampleids": [],
        "externalimages": []
      }
    }
  },
  "formerfusionquery": {
    "sortingsimilaritymodel": 1,
    "keywordfilteringquery": {
      "filterstate": 2,
      "threshold": 0.29333880767019227
    },
    "colorsketchfilteringquery": {
      "filterstate": 0,
      "threshold": 0.1
    },
    "facesketchfilteringquery": {
      "filterstate": 0,
      "threshold": 0.1
    },
    "textsketchfilteringquery": {
      "filterstate": 2,
      "threshold": 0.1
    },
    "semanticexamplefilteringquery": {
      "filterstate": 2,
      "threshold": 0.21337780250893873
    }
  },
  "latterfusionquery": {
    "sortingsimilaritymodel": 1,
    "keywordfilteringquery": {
      "filterstate": 2,
      "threshold": 0.57153656657570262
    },
    "colorsketchfilteringquery": {
      "filterstate": 0,
      "threshold": 0.1
    },
    "facesketchfilteringquery": {
      "filterstate": 0,
      "threshold": 0.1
    },
    "textsketchfilteringquery": {
      "filterstate": 2,
      "threshold": 0.1
    },
    "semanticexamplefilteringquery": {
      "filterstate": 2,
      "threshold": 0.3
    }
  },
  "formerfilteringquery": {
    "colorsaturationquery": {
      "filterstate": 2,
      "threshold": 0.9
    },
    "countfilteringquery": {
      "filterstate": 0,
      "maxpervideo": 3,
      "maxpershot": 1,
      "maxpergroup": -1
    },
    "lifelogfilteringquery": {
      "daysofweek": [],
      "timefrom": "00:00:00",
      "timeto": "00:00:00",
      "heartratelow": 0,
      "heartratehigh": 0,
      "isgpsdefinedbystring": false,
      "isgpsdefinedbycoordinates": false
    },
    "percentofblackquery": {
      "filterstate": 2,
      "threshold": 0.65
    }
  },
  "latterfilteringquery": {
    "colorsaturationquery": {
      "filterstate": 2,
      "threshold": 0.9
    },
    "countfilteringquery": {
      "filterstate": 0,
      "maxpervideo": 3,
      "maxpershot": 1,
      "maxpergroup": -1
    },
    "lifelogfilteringquery": {
      "daysofweek": [],
      "timefrom": "00:00:00",
      "timeto": "00:00:00",
      "heartratelow": 0,
      "heartratehigh": 0,
      "isgpsdefinedbystring": false,
      "isgpsdefinedbycoordinates": false
    },
    "percentofblackquery": {
      "filterstate": 2,
      "threshold": 0.65
    }
  }
}