{
  "primarytemporalquery": 1,
  "bitemporalsimilarityquery": {
    "keywordquery": {
      "formerquery": {
        "synsetformulacnf": [
          {
            "synsetliterals": [
              {
                "text": "skateboard",
                "synsetid": 4225987
              }
            ]
          },
          {
            "synsetliterals": [
              {
                "text": "skate",
                "synsetid": 4225729
              }
            ]
          }
        ]
      },
      "latterquery": {
        "synsetformulacnf": [
          {
            "synsetliterals": [
              {
                "text": "crossing, crosswalk, crossover",
                "synsetid": 3137228
              },
              {
                "text": "car, auto, automobile, machine, motorcar",
                "synsetid": 2958343
              }
            ]
          }
        ]
      }
    },
    "colorsketchquery": {
      "formerquery": {
        "canvaswidth": 216,
        "canvasheight": 384,
        "colorsketchellipses": []
      },
      "latterquery": {
        "canvaswidth": 216,
        "canvasheight": 384,
        "colorsketchellipses": []
      }
    },
    "facesketchquery": {
      "formerquery": {
        "canvaswidth": 216,
        "canvasheight": 384,
        "colorsketchellipses": []
      },
      "latterquery": {
        "canvaswidth": 216,
        "canvasheight": 384,
        "colorsketchellipses": []
      }
    },
    "textsketchquery": {
      "formerquery": {
        "canvaswidth": 216,
        "canvasheight": 384,
        "colorsketchellipses": []
      },
      "latterquery": {
        "canvaswidth": 216,
        "canvasheight": 384,
        "colorsketchellipses": []
      }
    },
    "semanticexamplequery": {
      "formerquery": {
        "positiveexampleids": [],
        "negativeexampleids": [],
        "externalimages": []
      },
      "latterquery": {
        "positiveexampleids": [],
        "negativeexampleids": [],
        "externalimages": []
      }
    }
  },
  "formerfusionquery": {
    "sortingsimilaritymodel": 5,
    "keywordfilteringquery": {
      "filterstate": 0,
      "threshold": 0.29333880767019227
    },
    "colorsketchfilteringquery": {
      "filterstate": 2,
      "threshold": 0.1
    },
    "facesketchfilteringquery": {
      "filterstate": 2,
      "threshold": 0.1
    },
    "textsketchfilteringquery": {
      "filterstate": 2,
      "threshold": 0.1
    },
    "semanticexamplefilteringquery": {
      "filterstate": 2,
      "threshold": 0.21337780250893873
    }
  },
  "latterfusionquery": {
    "sortingsimilaritymodel": 0,
    "keywordfilteringquery": {
      "filterstate": 0,
      "threshold": 0.14231716712148695
    },
    "colorsketchfilteringquery": {
      "filterstate": 2,
      "threshold": 0.1
    },
    "facesketchfilteringquery": {
      "filterstate": 2,
      "threshold": 0.1
    },
    "textsketchfilteringquery": {
      "filterstate": 2,
      "threshold": 0.1
    },
    "semanticexamplefilteringquery": {
      "filterstate": 2,
      "threshold": 0.3
    }
  },
  "formerfilteringquery": {
    "colorsaturationquery": {
      "filterstate": 2,
      "threshold": 0.9
    },
    "countfilteringquery": {
      "filterstate": 0,
      "maxpervideo": 3,
      "maxpershot": 1,
      "maxpergroup": -1
    },
    "lifelogfilteringquery": {
      "daysofweek": [],
      "timefrom": "00:00:00",
      "timeto": "00:00:00",
      "heartratelow": 0,
      "heartratehigh": 0,
      "isgpsdefinedbystring": false,
      "isgpsdefinedbycoordinates": false
    },
    "percentofblackquery": {
      "filterstate": 2,
      "threshold": 0.65
    }
  },
  "latterfilteringquery": {
    "colorsaturationquery": {
      "filterstate": 2,
      "threshold": 0.9
    },
    "countfilteringquery": {
      "filterstate": 0,
      "maxpervideo": 3,
      "maxpershot": 1,
      "maxpergroup": -1
    },
    "lifelogfilteringquery": {
      "daysofweek": [],
      "timefrom": "00:00:00",
      "timeto": "00:00:00",
      "heartratelow": 0,
      "heartratehigh": 0,
      "isgpsdefinedbystring": false,
      "isgpsdefinedbycoordinates": false
    },
    "percentofblackquery": {
      "filterstate": 2,
      "threshold": 0.65
    }
  }
}